data,CDI,IRFM,IMAB,IBOV,FED_ACC,DOLAR,PTAX,SP500_BRL
2020-01-03,0.0001708900,-0.0001110884,-0.0020723118,-0.0073072223,0.0000430556,0.0077274687,4.0522000000,0.0006752754
2020-01-06,0.0001708900,-0.0005220334,-0.0045681695,-0.0070407231,0.0001291722,0.0009189687,4.0554000000,0.0043303320
2020-01-07,0.0001708900,0.0007410686,0.0005943200,-0.0018479111,0.0000430556,0.0071203440,4.0841000000,0.0043553772
2020-01-08,0.0001708900,0.0011399736,0.0027452625,-0.0035565155,0.0000430556,-0.0040951212,4.0672000000,0.0007755598
2020-01-09,0.0001708900,0.0009073197,0.0016915863,-0.0025800229,0.0000430556,0.0018133914,4.0744000000,0.0087040338
2020-01-10,0.0001708900,-0.0000505527,0.0011130733,-0.0038266586,0.0000430556,0.0000676001,4.0745000000,-0.0028295143
2020-01-13,0.0001708900,-0.0009074060,-0.0021406854,0.0157732126,0.0001283388,0.0139723045,4.1309000000,0.0209184203
2020-01-14,0.0001708900,0.0015140475,0.0038395420,0.0026176797,0.0000427778,0.0032867617,4.1443000000,0.0018203309
2020-01-15,0.0001708900,0.0016290296,0.0005515685,-0.0103547152,0.0000427778,0.0043621479,4.1622000000,0.0062164132
2020-01-16,0.0001708900,-0.0019061218,-0.0024659677,0.0024898992,0.0000427778,0.0025415632,4.1726000000,0.0109213340
2020-01-17,0.0001708900,0.0010850842,0.0024294253,0.0152015938,0.0000427778,0.0027031034,4.1837000000,0.0065556860
2020-01-20,0.0001708900,-0.0000014810,-0.0021884875,0.0032354448,0.0001291722,-0.0000620708,4.1829000000,-0.0001912183
2020-01-21,0.0001708900,0.0011545752,-0.0003386966,-0.0154430829,0.0000430556,0.0044660149,4.2014000000,0.0017777953
2020-01-22,0.0001708900,0.0012505949,0.0037171847,0.0116668051,0.0000430556,-0.0029322713,4.1889000000,-0.0026513218
2020-01-23,0.0001708900,-0.0002358088,-0.0002063539,0.0095975754,0.0000430556,-0.0053762615,4.1662000000,-0.0042112341
2020-01-24,0.0001708900,0.0005276376,0.0008763198,-0.0096318316,0.0000430556,0.0026114538,4.1769000000,-0.0064698519
2020-01-27,0.0001708900,0.0009654493,-0.0011726746,-0.0328994742,0.0001291722,0.0103533853,4.2196000000,-0.0056704967
2020-01-28,0.0001708900,0.0006720056,0.0017602130,0.0174450376,0.0000430556,-0.0030853377,4.2064000000,0.0069147026
2020-01-29,0.0001708900,0.0002723098,0.0021826984,-0.0093934545,0.0000430556,-0.0011694348,4.2013000000,-0.0020547331
2020-01-30,0.0001708900,-0.0002179329,-0.0012855437,0.0012410643,0.0000430556,0.0121826780,4.2523000000,0.0154633103
2020-01-31,0.0001708900,-0.0000718011,-0.0014093839,-0.0152990564,0.0000444444,0.0040894941,4.2695000000,-0.0136495141
2020-02-03,0.0001708900,0.0014856984,0.0022112592,0.0076356861,0.0001325059,-0.0050210051,4.2475000000,0.0020803531
2020-02-04,0.0001708900,0.0006580314,0.0012718123,0.0080913059,0.0000441667,-0.0021689976,4.2381000000,0.0127356753
2020-02-05,0.0001708900,0.0012498650,0.0035443948,0.0040807669,0.0000441667,0.0016487301,4.2449000000,0.0128939642
2020-02-06,0.0001613700,-0.0016872291,-0.0011567751,-0.0072249634,0.0000441667,0.0007038109,4.2477000000,0.0041552118
2020-02-07,0.0001613700,-0.0004371352,-0.0010803534,-0.0123246842,0.0000441667,0.0141465387,4.3076000000,0.0088228290
2020-02-10,0.0001613700,0.0011873967,0.0033229955,-0.0105474812,0.0001316724,0.0028945954,4.3195000000,0.0102625966
2020-02-11,0.0001613700,0.0016512779,0.0031078018,0.0248760996,0.0000438889,-0.0010442478,4.3148000000,0.0006364409
2020-02-12,0.0001613700,0.0009608584,0.0031950358,0.0112985448,0.0000438889,0.0050964885,4.3366000000,0.0115817813
2020-02-13,0.0001613700,-0.0006548099,-0.0012456613,-0.0086714167,0.0000438889,0.0005742816,4.3389000000,-0.0007807660
2020-02-14,0.0001613700,0.0024217679,0.0059695973,-0.0110813021,0.0000438889,-0.0051650332,4.3163000000,-0.0032129961
2020-02-17,0.0001613700,-0.0000936971,-0.0023541886,0.0081164910,0.0001316724,-0.0000073538,4.3157000000,-0.0001390079
2020-02-18,0.0001613700,-0.0000623562,-0.0004166114,-0.0028773970,0.0000438889,0.0073199688,4.3471000000,0.0043972771
2020-02-19,0.0001613700,0.0009789903,0.0024313679,0.0133965586,0.0000441667,0.0059564151,4.3728000000,0.0108189538
2020-02-20,0.0001613700,-0.0003502641,-0.0023845724,-0.0165756089,0.0000441667,0.0033602663,4.3873000000,-0.0004648008
2020-02-21,0.0001613700,-0.0008023436,-0.0037685467,-0.0078964106,0.0000441667,0.0012066642,4.3924000000,-0.0093329103
2020-02-26,0.0001613700,-0.0020692190,-0.0073070530,-0.0700477703,0.0002194637,0.0101251068,4.4359000000,-0.0569245710
2020-02-27,0.0001613700,0.0017422221,-0.0010224583,-0.0258682769,0.0000438889,0.0091743421,4.4764000000,-0.0352362162
2020-02-28,0.0001613700,0.0003198707,0.0002538170,0.0115361154,0.0000438889,0.0050257892,4.4987000000,-0.0031335603
2020-03-02,0.0001613700,0.0047394540,0.0077873275,0.0235557552,0.0001316724,-0.0007798220,4.4946000000,0.0451082624
2020-03-03,0.0001613700,0.0015155885,0.0018588905,-0.0102064789,0.0000441667,-0.0013575773,4.4883000000,-0.0294399391
2020-03-04,0.0001613700,0.0010452519,0.0016720950,0.0159856521,0.0000441667,0.0083995922,4.5258000000,0.0509654886
2020-03-05,0.0001613700,-0.0036670334,-0.0071842457,-0.0465471327,0.0000302778,0.0209995812,4.6207000000,-0.0134522724
2020-03-06,0.0001613700,0.0001220922,-0.0013791873,-0.0414392618,0.0000302778,0.0054841620,4.6459000000,-0.0116610679
2020-03-09,0.0001613700,-0.0056909275,-0.0217695359,-0.1217343184,0.0000908361,0.0198950413,4.7379000000,-0.0575676096
2020-03-10,0.0001613700,0.0026152988,0.0017316007,0.0714240733,0.0000302778,-0.0144491492,4.6693000000,0.0342300791
2020-03-11,0.0001613700,-0.0123161037,-0.0426210946,-0.0763799868,0.0000302778,0.0009940488,4.6738000000,-0.0478809402
2020-03-12,0.0001613700,-0.0222519550,-0.0458247465,-0.1478036043,0.0000302778,0.0448559749,4.8833000000,-0.0543446475
2020-03-13,0.0001613700,0.0191056309,0.0540034087,0.1390882903,0.0000305556,-0.0300934374,4.7362000000,0.0602764444
2020-03-16,0.0001613700,0.0039960377,-0.0077067288,-0.1392132433,0.0000916695,0.0446251210,4.9471000000,-0.0806038437
2020-03-17,0.0001613700,0.0082078528,0.0063292249,0.0484654280,0.0000069444,0.0207262976,5.0496000000,0.0819490916
2020-03-18,0.0001613700,-0.0248146080,-0.0388337969,-0.1034920348,0.0000069444,0.0121069968,5.1107000000,-0.0403569415
2020-03-19,0.0001422700,-0.0002446316,0.0021736855,0.0214791998,0.0000069444,0.0066009989,5.1444000000,0.0114088383
2020-03-20,0.0001422700,-0.0019580854,-0.0051301598,-0.0184751463,0.0000055556,-0.0232431546,5.0248000000,-0.0654373947
2020-03-23,0.0001422700,-0.0057050360,-0.0213183033,-0.0521809065,0.0000125001,0.0110976569,5.0805000000,-0.0185322953
2020-03-24,0.0001422700,0.0083293100,0.0155391954,0.0968965994,0.0000041667,-0.0018066863,5.0713000000,0.0919547901
2020-03-25,0.0001422700,0.0145490264,0.0201992657,0.0749508456,0.0000033333,-0.0001346988,5.0706000000,0.0113985288
2020-03-26,0.0001422700,0.0064207578,0.0121602137,0.0367429665,0.0000027778,-0.0137234466,5.0010000000,0.0478779303
2020-03-27,0.0001422700,0.0010669122,-0.0003094971,-0.0550881319,0.0000027778,0.0219784437,5.1109000000,-0.0124500045
2020-03-30,0.0001422700,0.0034738952,0.0029417348,0.0164880855,0.0000083334,0.0094979348,5.1594000000,0.0434911357
2020-03-31,0.0001422700,0.0014806346,-0.0013931556,-0.0217005799,0.0000025000,0.0076196838,5.1987000000,-0.0084143358
2020-04-01,0.0001422700,-0.0029365004,-0.0059776545,-0.0281164989,0.0000022222,0.0080234761,5.2404000000,-0.0364685192
2020-04-02,0.0001422700,0.0009261609,-0.0024250668,0.0181318844,0.0000016667,0.0047150552,5.2651000000,0.0278192510
2020-04-03,0.0001422700,-0.0031964434,-0.0089326360,-0.0375885113,0.0000013889,0.0065729731,5.2997000000,-0.0085314820
2020-04-06,0.0001422700,0.0016315993,0.0039385840,0.0652225934,0.0000041667,-0.0099209648,5.2471000000,0.0597213139
2020-04-07,0.0001422700,0.0023125304,0.0031745164,0.0308494406,0.0000013889,-0.0048393870,5.2217000000,-0.0064254264
2020-04-08,0.0001422700,0.0025231292,0.0038861467,0.0296829059,0.0000013889,-0.0017987936,5.2123000000,0.0324386745
2020-04-09,0.0001422700,0.0035365292,0.0062967667,-0.0119896287,0.0000013889,-0.0257838089,5.0779000000,-0.0115458960
2020-04-13,0.0001422700,0.0018520067,0.0013213644,0.0148539030,0.0000055556,0.0205850433,5.1824000000,0.0102884767
2020-04-14,0.0001422700,0.0027894662,0.0066844876,0.0137315753,0.0000013889,0.0006574565,5.1858000000,0.0313729391
2020-04-15,0.0001422700,0.0019020399,0.0075994130,-0.0136001289,0.0000013889,0.0139047597,5.2579000000,-0.0083700123
2020-04-16,0.0001422700,0.0027282021,0.0083947449,-0.0129340494,0.0000013889,-0.0038404544,5.2377000000,0.0019584572
2020-04-17,0.0001422700,0.0008442298,0.0065833742,0.0151447370,0.0000013889,0.0037434946,5.2573000000,0.0306779378
2020-04-20,0.0001422700,0.0035727771,0.0047781138,-0.0002219260,0.0000041667,0.0050257766,5.2837000000,-0.0129512309
2020-04-22,0.0001422700,0.0024219978,0.0021666209,0.0217086246,0.0000027778,0.0191182235,5.3847000000,0.0105623238
2020-04-23,0.0001422700,-0.0062561017,-0.0119759110,-0.0125651978,0.0000013889,0.0115155097,5.4467000000,0.0110519634
2020-04-24,0.0001422700,-0.0212581829,-0.0389182122,-0.0545062148,0.0000011111,0.0375101032,5.6510000000,0.0519740132
2020-04-27,0.0001422700,-0.0002140954,0.0010453051,0.0386030327,0.0000041667,-0.0026856340,5.6358000000,0.0120020465
2020-04-28,0.0001422700,0.0157442357,0.0242800358,0.0392853400,0.0000011111,-0.0119759063,5.5683000000,-0.0171500931
2020-04-29,0.0001422700,0.0027138503,0.0051987157,0.0228572012,0.0000011111,-0.0249975698,5.4291000000,0.0009538688
2020-04-30,0.0001422700,0.0002083191,-0.0026812866,-0.0320414136,0.0000011111,-0.0003856938,5.4270000000,-0.0095603191
2020-05-04,0.0001422700,-0.0014954634,-0.0009424536,-0.0202428667,0.0000055556,0.0284929075,5.5816000000,0.0039959431
2020-05-05,0.0001422700,0.0023116684,0.0012780208,0.0075378866,0.0000013889,-0.0082758191,5.5354000000,0.0006879426
2020-05-06,0.0001422700,0.0014428128,-0.0004907215,-0.0051226375,0.0000013889,0.0238840683,5.6676000000,0.0168167198
2020-05-07,0.0001134500,-0.0003063677,-0.0074309556,-0.0119537821,0.0000013889,0.0298024042,5.8365000000,0.0420147825
2020-05-08,0.0001134500,0.0027228762,0.0043146484,0.0274554437,0.0000013889,-0.0121977200,5.7653000000,0.0046572523
2020-05-11,0.0001134500,-0.0005095208,-0.0015295281,-0.0149352102,0.0000041667,0.0052250789,5.7954000000,0.0054073365
2020-05-12,0.0001134500,-0.0049509103,-0.0083196121,-0.0150845005,0.0000013889,-0.0039845365,5.7723000000,-0.0242833971
2020-05-13,0.0001134500,-0.0027149350,-0.0045318058,-0.0012809490,0.0000013889,0.0225054480,5.9022000000,0.0047208336
2020-05-14,0.0001134500,0.0017081036,0.0057722696,0.0159261278,0.0000013889,0.0059313893,5.9372000000,0.0177374527
2020-05-15,0.0001134500,0.0020143071,0.0032468156,-0.0184049499,0.0000013889,-0.0192501369,5.8229000000,-0.0152960878
2020-05-18,0.0001134500,0.0026043644,0.0064189420,0.0469034107,0.0000041667,-0.0146621260,5.7375000000,0.0164888772
2020-05-19,0.0001134500,0.0011402139,0.0024163742,-0.0055661550,0.0000013889,-0.0027698568,5.7216000000,-0.0131351274
2020-05-20,0.0001134500,0.0000750219,0.0036439260,0.0071474264,0.0000013889,-0.0043330690,5.6968000000,0.0124306353
2020-05-21,0.0001134500,0.0023066270,0.0037273866,0.0209991583,0.0000013889,-0.0166571092,5.6019000000,-0.0242377545
2020-05-22,0.0001134500,-0.0007180104,-0.0017567778,-0.0102843542,0.0000013889,-0.0037651955,5.5808000000,-0.0012499411
2020-05-25,0.0001134500,0.0059787981,0.0124719195,0.0424745486,0.0000041667,-0.0185595575,5.4772000000,-0.0185636468
2020-05-26,0.0001134500,0.0005498489,-0.0030584556,-0.0022713296,0.0000013889,-0.0194428797,5.3707000000,-0.0073774304
2020-05-27,0.0001134500,0.0006592718,0.0005787164,0.0289852766,0.0000013889,-0.0133116056,5.2992000000,0.0013360497
2020-05-28,0.0001134500,-0.0000106789,-0.0012583028,-0.0113382890,0.0000013889,0.0077950289,5.3405000000,0.0057875788
2020-05-29,0.0001134500,0.0013305464,0.0007473271,0.0052156958,0.0000013889,0.0160673226,5.4263000000,0.0211142523
2020-06-01,0.0001134500,0.0002620423,-0.0006650070,0.0139299076,0.0000041667,-0.0114954297,5.3639000000,-0.0077425608
2020-06-02,0.0001134500,0.0030902125,0.0072296592,0.0273784390,0.0000013889,-0.0193502292,5.2601000000,-0.0112698240
2020-06-03,0.0001134500,0.0016828892,0.0062748270,0.0214809199,0.0000016667,-0.0396364291,5.0516000000,-0.0264324812
2020-06-04,0.0001134500,-0.0009044215,-0.0000523237,0.0088865697,0.0000016667,0.0103944308,5.1041000000,0.0072096081
2020-06-05,0.0001134500,-0.0013595072,0.0021746999,0.0086162419,0.0000016667,-0.0248019639,4.9775000000,0.0007707549
2020-06-08,0.0001134500,0.0002796143,0.0022335697,0.0317804674,0.0000058333,-0.0089143593,4.9331000000,0.0030305912
2020-06-09,0.0001134500,-0.0000252165,-0.0015173473,-0.0091978395,0.0000019444,-0.0055523831,4.9057000000,-0.0132403233
2020-06-10,0.0001134500,0.0020110877,0.0022178290,-0.0212986406,0.0000019444,-0.0033207275,4.8894000000,-0.0086140696
2020-06-12,0.0001134500,-0.0000963314,-0.0010548299,-0.0199682149,0.0000044444,0.0302536892,5.0373000000,-0.0174021713
2020-06-15,0.0001134500,-0.0000769254,-0.0016730689,-0.0045233987,0.0000066667,0.0299832428,5.1883000000,0.0385735436
2020-06-16,0.0001134500,-0.0010409380,-0.0033091968,0.0125103491,0.0000025000,-0.0115234622,5.1285000000,0.0072348303
2020-06-17,0.0001134500,0.0018082809,0.0050491867,0.0215555948,0.0000025000,0.0236741981,5.2499000000,0.0199856031
2020-06-18,0.0000844200,-0.0024381595,-0.0045134768,0.0060488372,0.0000025000,0.0184600406,5.3468000000,0.0190996673
2020-06-19,0.0000844200,0.0012848990,0.0000658466,0.0046487270,0.0000025000,-0.0000349056,5.3466000000,-0.0055015278
2020-06-22,0.0000844200,-0.0012318309,-0.0056233828,-0.0128001773,0.0000075000,-0.0231849831,5.2226000000,-0.0168477625
2020-06-23,0.0000844200,0.0014535859,0.0042820862,0.0067047104,0.0000022222,-0.0099736740,5.1705000000,-0.0057078271
2020-06-24,0.0000844200,-0.0018605144,-0.0035179410,-0.0166480577,0.0000022222,0.0141208108,5.2435000000,-0.0120952336
2020-06-25,0.0000844200,0.0029472523,0.0075659119,0.0170139322,0.0000022222,0.0162509472,5.3287000000,0.0274381177
2020-06-26,0.0000844200,-0.0007610264,-0.0027819653,-0.0223851931,0.0000022222,0.0251866571,5.4629000000,0.0003599996
2020-06-29,0.0000844200,0.0012973483,0.0054170327,0.0202575833,0.0000066667,-0.0038923873,5.4416000000,0.0108529955
2020-06-30,0.0000844200,0.0015293711,0.0026391283,-0.0070980051,0.0000022222,0.0063239064,5.4760000000,0.0219101491
2020-07-01,0.0000844200,0.0013277107,0.0078551780,0.0120705918,0.0000022222,-0.0202498315,5.3651000000,-0.0153021116
2020-07-02,0.0000844200,-0.0005049489,0.0004673646,0.0003301345,0.0000022222,-0.0116098891,5.3028000000,-0.0069052995
2020-07-03,0.0000844200,0.0017473217,0.0051548879,0.0055062110,0.0000025000,0.0065273711,5.3374000000,0.0065248548
2020-07-06,0.0000844200,0.0004505967,0.0023800158,0.0224493708,0.0000075000,-0.0054071619,5.3085000000,0.0103845331
2020-07-07,0.0000844200,-0.0018889642,-0.0027338255,-0.0118875456,0.0000025000,0.0043916981,5.3318000000,-0.0064715739
2020-07-08,0.0000844200,-0.0010171939,0.0008084942,0.0205484721,0.0000025000,0.0030783920,5.3482000000,0.0109425786
2020-07-09,0.0000844200,0.0005216160,0.0041868580,-0.0061095593,0.0000025000,-0.0094212549,5.2978000000,-0.0147348502
2020-07-10,0.0000844200,0.0017942532,0.0048609005,0.0087887969,0.0000025000,0.0087231228,5.3440000000,0.0192819189
2020-07-13,0.0000844200,-0.0004274092,-0.0014056406,-0.0133434528,0.0000075000,0.0008682849,5.3486000000,-0.0085086480
2020-07-14,0.0000844200,0.0001567744,-0.0012466447,0.0176618230,0.0000025000,0.0149971155,5.4288000000,0.0287353207
2020-07-15,0.0000844200,-0.0004917263,0.0000127534,0.0134439158,0.0000025000,-0.0146784975,5.3491000000,-0.0057121737
2020-07-16,0.0000844200,0.0002857889,0.0014516031,-0.0121550588,0.0000027778,0.0012927180,5.3560000000,-0.0020885297
2020-07-17,0.0000844200,0.0023375014,0.0063861606,0.0232213234,0.0000027778,-0.0009307573,5.3510000000,0.0019624002
2020-07-20,0.0000844200,0.0001048022,-0.0006482955,0.0149494233,0.0000075000,0.0023435295,5.3635000000,0.0107632713
2020-07-21,0.0000844200,-0.0010178173,0.0008591143,-0.0011168635,0.0000027778,-0.0252047128,5.2283000000,-0.0235568032
2020-07-22,0.0000844200,-0.0007646234,0.0018234734,-0.0001933664,0.0000027778,-0.0224137487,5.1111000000,-0.0167738063
2020-07-23,0.0000844200,-0.0006030823,-0.0012908670,-0.0191415115,0.0000025000,0.0104895055,5.1647000000,-0.0018859499
2020-07-24,0.0000844200,0.0032481713,0.0026148666,0.0008629108,0.0000025000,0.0096642664,5.2146000000,0.0034318549
2020-07-27,0.0000844200,0.0016285218,0.0040709384,0.0204675489,0.0000075000,-0.0049210070,5.1889000000,0.0024341025
2020-07-28,0.0000844200,-0.0001705721,-0.0012974300,-0.0035223994,0.0000027778,-0.0021556818,5.1777000000,-0.0086055511
2020-07-29,0.0000844200,-0.0000863044,0.0005234732,0.0143705059,0.0000027778,-0.0073750359,5.1395000000,0.0049608577
2020-07-30,0.0000844200,0.0035390715,0.0076390137,-0.0056481136,0.0000027778,0.0086028600,5.1837000000,0.0049789451
2020-07-31,0.0000844200,0.0006336629,0.0005932134,-0.0199646315,0.0000027778,0.0037838713,5.2033000000,0.0115890833
2020-08-03,0.0000844200,0.0001560661,0.0018920982,-0.0007995162,0.0000083334,0.0200342531,5.3075000000,0.0273820038
2020-08-04,0.0000844200,-0.0018331162,-0.0031080554,-0.0156966900,0.0000027778,0.0047884717,5.3329000000,0.0084133878
2020-08-05,0.0000844200,-0.0014006854,-0.0036035348,0.0156683927,0.0000027778,-0.0106668688,5.2760000000,-0.0043070729
2020-08-06,0.0000746900,0.0029096070,0.0039441043,0.0128779896,0.0000027778,0.0127207813,5.3431000000,0.0193406276
2020-08-07,0.0000746900,-0.0021290775,-0.0055643016,-0.0129659707,0.0000027778,0.0149005377,5.4227000000,0.0157529620
2020-08-10,0.0000746900,-0.0011487829,-0.0042732308,0.0065086492,0.0000083334,-0.0054133652,5.3933000000,-0.0026823379
2020-08-11,0.0000746900,-0.0008380445,-0.0017310815,-0.0122778905,0.0000027778,0.0065294123,5.4285000000,-0.0014898756
2020-08-12,0.0000746900,-0.0028732007,-0.0039245151,-0.0005540527,0.0000027778,0.0049028559,5.4551000000,0.0191156573
2020-08-13,0.0000746900,-0.0018479037,-0.0038071238,-0.0162282204,0.0000027778,-0.0137458626,5.3801000000,-0.0155228039
2020-08-14,0.0000746900,0.0002421712,0.0005157984,0.0088875639,0.0000027778,0.0009507182,5.3852000000,0.0008496492
2020-08-17,0.0000746900,-0.0018176021,-0.0000222740,-0.0173456355,0.0000083334,0.0119857042,5.4497000000,0.0147453349
2020-08-18,0.0000746900,0.0047469938,0.0100527149,0.0247997373,0.0000027778,0.0029754267,5.4659000000,0.0054399070
2020-08-19,0.0000746900,-0.0024494904,-0.0043112078,-0.0118711198,0.0000025000,0.0045214377,5.4906000000,0.0002614507
2020-08-20,0.0000746900,0.0007006209,0.0025543768,0.0060895126,0.0000025000,0.0292161380,5.6510000000,0.0324983523
2020-08-21,0.0000746900,0.0006691726,0.0003478276,0.0005264721,0.0000025000,-0.0078899282,5.6064000000,-0.0044179229
2020-08-24,0.0000746900,0.0014248716,0.0007576100,0.0076502180,0.0000075000,-0.0019545581,5.5954000000,0.0081795867
2020-08-25,0.0000746900,-0.0006028276,-0.0007148000,-0.0017625964,0.0000025000,0.0007709903,5.5997000000,0.0043792899
2020-08-26,0.0000746900,-0.0032721841,-0.0065228771,-0.0145940505,0.0000025000,-0.0056585317,5.5680000000,0.0044839503
2020-08-27,0.0000746900,-0.0001224810,0.0002528804,-0.0000366700,0.0000025000,0.0049594089,5.5956000000,0.0067021969
2020-08-28,0.0000746900,0.0027837028,0.0034289142,0.0150987382,0.0000022222,-0.0228193311,5.4679000000,-0.0161433285
2020-08-31,0.0000746900,-0.0007836616,-0.0041400759,-0.0271558687,0.0000075000,0.0006293156,5.4713000000,-0.0014593758
2020-09-01,0.0000746900,0.0018838271,0.0024462124,0.0281626642,0.0000025000,-0.0179274701,5.3732000000,-0.0105208169
2020-09-02,0.0000746900,-0.0008078108,0.0002220450,-0.0025107752,0.0000025000,0.0001699984,5.3741000000,0.0156426641
2020-09-03,0.0000746900,0.0011278663,0.0026579462,-0.0116745835,0.0000025000,-0.0123158725,5.3079000000,-0.0468285240
2020-09-04,0.0000746900,0.0014193165,0.0012084531,0.0051664314,0.0000025000,-0.0043495145,5.2848000000,-0.0124502364
2020-09-08,0.0000746900,-0.0024339801,-0.0029100220,-0.0117668870,0.0000100000,0.0160940240,5.3698000000,-0.0120748919
2020-09-09,0.0000746900,0.0009669417,0.0026110826,0.0124099417,0.0000025000,-0.0125492093,5.3024000000,0.0073950545
2020-09-10,0.0000746900,-0.0028975309,-0.0043407815,-0.0242611340,0.0000025000,-0.0016571300,5.2936000000,-0.0191679768
2020-09-11,0.0000746900,-0.0001894077,-0.0005370307,-0.0047692817,0.0000025000,-0.0015465442,5.2854000000,-0.0009686665
2020-09-14,0.0000746900,0.0012658792,0.0019249465,0.0194310434,0.0000075000,0.0024671242,5.2984000000,0.0155504214
2020-09-15,0.0000746900,-0.0014659078,-0.0026981194,0.0002332597,0.0000025000,-0.0048291594,5.2728000000,0.0003773927
2020-09-16,0.0000746900,-0.0013508217,-0.0027494929,-0.0062038182,0.0000025000,-0.0037146994,5.2532000000,-0.0082810156
2020-09-17,0.0000746900,0.0021274864,-0.0003955178,0.0042352357,0.0000025000,0.0011636999,5.2593000000,-0.0072466538
2020-09-18,0.0000746900,-0.0043300197,-0.0128552954,-0.0180635285,0.0000025000,0.0056306395,5.2889000000,-0.0056024583
2020-09-21,0.0000746900,-0.0005919066,-0.0021092722,-0.0132159307,0.0000075000,0.0293332886,5.4440000000,0.0174683132
2020-09-22,0.0000746900,0.0019213788,0.0070453033,0.0031221544,0.0000025000,-0.0020364471,5.4329000000,0.0084611166
2020-09-23,0.0000746900,-0.0019314537,-0.0053416474,-0.0160207964,0.0000025000,0.0180776064,5.5311000000,-0.0060007356
2020-09-24,0.0000746900,0.0037568838,0.0090807606,0.0133415407,0.0000025000,0.0072885915,5.5714000000,0.0103452315
2020-09-25,0.0000746900,0.0000101748,-0.0016536014,-0.0001308085,0.0000025000,-0.0008410962,5.5667000000,0.0151520890
2020-09-28,0.0000746900,-0.0057974626,-0.0133907371,-0.0240518032,0.0000075000,0.0034386429,5.5858000000,0.0195985303
2020-09-29,0.0000746900,-0.0007633761,0.0013638960,-0.0114720782,0.0000025000,0.0119972308,5.6528000000,0.0072519871
2020-09-30,0.0000746900,0.0025182358,0.0054946072,0.0109321027,0.0000025000,-0.0021380375,5.6407000000,0.0061294473
2020-10-01,0.0000746900,-0.0008977143,0.0010106486,0.0092506209,0.0000025000,0.0006052636,5.6441000000,0.0060072199
2020-10-02,0.0000746900,-0.0035703532,-0.0078555563,-0.0153211424,0.0000025000,0.0004100062,5.6464000000,-0.0091633984
2020-10-05,0.0000746900,0.0031524254,0.0051735481,0.0220549381,0.0000075000,-0.0029147378,5.6299000000,0.0151071398
2020-10-06,0.0000746900,-0.0029131324,-0.0015409942,-0.0049345821,0.0000025000,-0.0194295101,5.5205000000,-0.0331082982
2020-10-07,0.0000746900,0.0000506192,0.0002069489,-0.0009284105,0.0000025000,0.0147294637,5.6018000000,0.0324073303
2020-10-08,0.0000746900,0.0014751212,0.0039966652,0.0250556234,0.0000025000,0.0032514638,5.6200000000,0.0115878475
2020-10-09,0.0000746900,0.0002125234,0.0036966724,-0.0044569159,0.0000025000,-0.0143569665,5.5393000000,-0.0056746139
2020-10-13,0.0000746900,0.0019823965,0.0002583245,0.0104583031,0.0000100000,0.0084226995,5.5859000000,0.0185038982
2020-10-14,0.0000746900,0.0006521274,0.0010523707,0.0084424994,0.0000025000,-0.0032915164,5.5675000000,-0.0097971268
2020-10-15,0.0000746900,-0.0026052232,-0.0034201330,-0.0028224856,0.0000025000,0.0089293297,5.6172000000,0.0074139186
2020-10-16,0.0000746900,-0.0009735322,0.0007578854,-0.0075205398,0.0000025000,0.0009638355,5.6226000000,0.0011134673
2020-10-19,0.0000746900,0.0027403236,0.0037015808,0.0035452459,0.0000075000,-0.0036029564,5.6023000000,-0.0198800554
2020-10-20,0.0000746900,0.0025674090,0.0027679877,0.0190778921,0.0000025000,-0.0034425223,5.5830000000,0.0012838195
2020-10-21,0.0000746900,-0.0006189000,0.0003845885,0.0001254229,0.0000025000,0.0031549349,5.6006000000,0.0009718024
2020-10-22,0.0000746900,-0.0010109568,-0.0027479939,0.0135778903,0.0000025000,-0.0033185810,5.5820000000,0.0019655040
2020-10-23,0.0000746900,-0.0028755852,-0.0023444291,-0.0064559915,0.0000025000,0.0053769312,5.6120000000,0.0088580113
2020-10-26,0.0000746900,0.0008292730,-0.0001374668,-0.0023976950,0.0000075000,0.0037138714,5.6328000000,-0.0149448623
2020-10-27,0.0000746900,-0.0005954631,-0.0019156978,-0.0139721092,0.0000025000,0.0028962723,5.6491000000,-0.0001235615
2020-10-28,0.0000746900,-0.0005500515,-0.0000678122,-0.0425355859,0.0000025000,0.0147659505,5.7325000000,-0.0210461745
2020-10-29,0.0000746900,0.0007173563,0.0008141750,0.0127232440,0.0000025000,0.0083409421,5.7803000000,0.0204700689
2020-10-30,0.0000746900,-0.0010191196,-0.0015857158,-0.0272282169,0.0000025000,-0.0014680156,5.7718000000,-0.0134746211
2020-11-03,0.0000746900,-0.0019283479,-0.0001978508,0.0215780544,0.0000100000,-0.0142491259,5.6895000000,0.0156666880
2020-11-04,0.0000746900,0.0023190960,0.0031045266,0.0196614472,0.0000025000,0.0006528224,5.6932000000,0.0227129927
2020-11-05,0.0000746900,0.0014082549,0.0049802578,0.0294746503,0.0000025000,-0.0229723344,5.5624000000,-0.0037753627
2020-11-06,0.0000746900,0.0025039116,0.0059865456,0.0017241448,0.0000025000,-0.0055886257,5.5313000000,-0.0057506205
2020-11-09,0.0000746900,0.0019785978,0.0039152799,0.0256630882,0.0000075000,-0.0450455380,5.2821000000,-0.0337922486
2020-11-10,0.0000746900,-0.0007854713,-0.0034536181,0.0149910409,0.0000025000,0.0165679226,5.3696000000,0.0153120039
2020-11-11,0.0000746900,-0.0029697174,-0.0037704311,-0.0024568142,0.0000025000,0.0060364841,5.4020000000,0.0137305918
2020-11-12,0.0000746900,-0.0007831324,-0.0028499823,-0.0219620809,0.0000025000,0.0013723664,5.4094000000,-0.0084171804
2020-11-13,0.0000746900,0.0011594551,0.0031162341,0.0216179362,0.0000025000,0.0140521525,5.4854000000,0.0279473194
2020-11-16,0.0000746900,0.0005450337,0.0002728080,0.0162993803,0.0000075000,-0.0119516082,5.4198000000,-0.0004377270
2020-11-17,0.0000746900,0.0008078128,0.0011482744,0.0076924797,0.0000025000,-0.0042412096,5.3968000000,-0.0088716920
2020-11-18,0.0000746900,-0.0021026520,-0.0023950658,-0.0105319760,0.0000025000,-0.0191941089,5.2932000000,-0.0303593673
2020-11-19,0.0000746900,0.0000849941,0.0002688186,0.0051904893,0.0000025000,0.0075215999,5.3330000000,0.0115615697
2020-11-20,0.0000746900,-0.0020986109,-0.0034369022,-0.0058818842,0.0000022222,0.0032836846,5.3505000000,-0.0035231142
2020-11-23,0.0000746900,-0.0014482481,-0.0011250428,0.0126028739,0.0000066667,0.0060435259,5.3828000000,0.0118206572
2020-11-24,0.0000746900,0.0009642956,0.0025208855,0.0224194842,0.0000022222,0.0038849685,5.4037000000,0.0201199485
2020-11-25,0.0000746900,0.0012049028,0.0028118398,0.0031536722,0.0000022222,-0.0097873881,5.3508000000,-0.0113227839
2020-11-26,0.0000746900,0.0018648194,0.0032200687,0.0008586019,0.0000022222,-0.0057352503,5.3201000000,-0.0057374598
2020-11-27,0.0000746900,0.0016996556,0.0050363907,0.0031605661,0.0000022222,0.0055096497,5.3494000000,0.0080189409
2020-11-30,0.0000746900,-0.0007844297,0.0007471683,-0.0152126869,0.0000066667,-0.0033021377,5.3317000000,-0.0077335751
2020-12-01,0.0000746900,0.0034860609,0.0074946290,0.0230187674,0.0000025000,-0.0099005576,5.2789000000,0.0012871462
2020-12-02,0.0000746900,0.0024835313,0.0030394500,0.0042964128,0.0000025000,-0.0098859484,5.2267000000,-0.0080212800
2020-12-03,0.0000746900,0.0041120473,0.0088571376,0.0036920399,0.0000025000,-0.0122806156,5.1625000000,-0.0127162277
2020-12-04,0.0000746900,-0.0001673884,0.0004818113,0.0129896638,0.0000025000,0.0015715112,5.1706000000,0.0104802958
2020-12-07,0.0000746900,0.0005540428,-0.0010108896,-0.0014105467,0.0000075000,-0.0132985991,5.1018000000,-0.0152148283
2020-12-08,0.0000746900,0.0003219868,0.0024828655,0.0017896858,0.0000025000,-0.0019183955,5.0920000000,0.0008860431
2020-12-09,0.0000746900,-0.0004881926,0.0004287788,-0.0069591239,0.0000025000,0.0037142139,5.1109000000,-0.0042179729
2020-12-10,0.0000746900,0.0009450305,0.0051878045,0.0188269749,0.0000025000,-0.0050259811,5.0852000000,-0.0062346044
2020-12-11,0.0000746900,0.0020751016,0.0044503957,-0.0000054721,0.0000025000,-0.0031635584,5.0691000000,-0.0044048736
2020-12-14,0.0000746900,-0.0006337191,-0.0001890089,-0.0044896116,0.0000075000,-0.0022217093,5.0578000000,-0.0063970929
2020-12-15,0.0000746900,0.0018794584,0.0029326805,0.0134150159,0.0000025000,0.0077133817,5.0968000000,0.0207453611
2020-12-16,0.0000746900,-0.0011367705,-0.0004800958,0.0147114951,0.0000025000,0.0017486981,5.1057000000,0.0035242673
2020-12-17,0.0000746900,-0.0000336841,0.0010616727,0.0046091313,0.0000025000,-0.0087132709,5.0612000000,-0.0029614432
2020-12-18,0.0000746900,0.0003813869,0.0013471880,-0.0031832617,0.0000025000,0.0073920704,5.0986000000,0.0039255027
2020-12-21,0.0000746900,0.0002407306,0.0000297551,-0.0186496488,0.0000075000,0.0115009373,5.1572000000,0.0075740166
2020-12-22,0.0000746900,0.0014155987,-0.0005088442,0.0070246240,0.0000025000,-0.0019171511,5.1473000000,-0.0039131725
2020-12-23,0.0000746900,0.0016253971,0.0034521401,0.0100369371,0.0000025000,0.0051896985,5.1740000000,0.0059528081
2020-12-24,0.0000746900,0.0001496431,0.0006541794,0.0000000000,0.0000025000,0.0011621473,5.1800000000,0.0048066121
2020-12-28,0.0000746900,-0.0008996699,0.0000533739,0.0111780427,0.0000100000,0.0114000753,5.2390000000,0.0202114028
2020-12-29,0.0000746900,0.0022198515,0.0054068920,0.0023962486,0.0000025000,-0.0085487716,5.1942000000,-0.0107577252
2020-12-30,0.0000746900,0.0007064854,0.0016939592,-0.0032820768,0.0000025000,0.0004838073,5.1967000000,0.0019330439
2020-12-31,0.0000746900,0.0001482884,0.0006533270,0.0000000000,0.0000025000,0.0000025000,5.1967000000,0.0065182706
2021-01-04,0.0000746900,0.0003071959,0.0004278766,-0.0013656005,0.0000100000,-0.0065519221,5.1626000000,-0.0211676449
2021-01-05,0.0000746900,-0.0016451917,-0.0016718820,0.0043877100,0.0000025000,0.0318276290,5.3269000000,0.0392574364
2021-01-06,0.0000746900,-0.0024042058,-0.0029356979,-0.0023131074,0.0000025000,-0.0016307242,5.3182000000,0.0040831498
2021-01-07,0.0000746900,-0.0038567934,-0.0050725657,0.0275888983,0.0000025000,0.0047221538,5.3433000000,0.0198557644
2021-01-08,0.0000746900,-0.0010543542,0.0001082173,0.0219854539,0.0000025000,0.0046812683,5.3683000000,0.0103251302
2021-01-11,0.0000746900,-0.0035321802,-0.0067035372,-0.0145630723,0.0000075000,0.0239072378,5.4966000000,0.0171864865
2021-01-12,0.0000746900,0.0020561577,0.0064339079,0.0060270919,0.0000025000,-0.0059830333,5.4637000000,-0.0055716330
2021-01-13,0.0000746900,-0.0032077913,-0.0027186426,-0.0166528492,0.0000025000,-0.0286777701,5.3070000000,-0.0264511644
2021-01-14,0.0000746900,0.0021163035,0.0043083172,0.0126908957,0.0000025000,-0.0085334173,5.2617000000,-0.0121430513
2021-01-15,0.0000746900,-0.0002708001,-0.0022829133,-0.0253620571,0.0000025000,0.0018460153,5.2714000000,-0.0053465338
2021-01-18,0.0000746900,0.0008895522,-0.0006044173,0.0074186864,0.0000075000,0.0014113122,5.2788000000,0.0014038016
2021-01-19,0.0000746900,-0.0002717415,-0.0027309831,-0.0049920147,0.0000025000,0.0029766682,5.2945000000,0.0111732771
2021-01-20,0.0000746900,0.0000630670,-0.0009506625,-0.0082063961,0.0000025000,0.0016646063,5.3033000000,0.0156217808
2021-01-21,0.0000746900,-0.0024477545,-0.0030394987,-0.0110108620,0.0000025000,0.0025103787,5.3166000000,0.0029094839
2021-01-22,0.0000746900,-0.0020236168,-0.0035161453,-0.0080157872,0.0000022222,0.0213504997,5.4301000000,0.0182826892
2021-01-25,0.0000746900,0.0001769045,0.0002238836,0.0000000000,0.0000066667,0.0145184667,5.5089000000,0.0181803060
2021-01-26,0.0000746900,0.0024311167,0.0023531992,-0.0078073452,0.0000022222,-0.0222164189,5.3865000000,-0.0236685343
2021-01-27,0.0000746900,0.0006395894,0.0023261967,-0.0049951891,0.0000022222,-0.0007589416,5.3824000000,-0.0264178883
2021-01-28,0.0000746900,0.0018623728,0.0037378099,0.0258965347,0.0000022222,0.0085114564,5.4282000000,0.0184554913
2021-01-29,0.0000746900,0.0021549829,0.0038692060,-0.0320961952,0.0000019444,0.0087894049,5.4759000000,-0.0105620273
2021-02-01,0.0000746900,-0.0002363801,-0.0009348708,0.0212920150,0.0000058333,-0.0027517203,5.4608000000,0.0132507733
2021-02-02,0.0000746900,0.0014649374,0.0074943648,0.0060947482,0.0000022222,-0.0134207493,5.3875000000,0.0003006041
2021-02-03,0.0000746900,0.0003157510,0.0021735653,0.0126098448,0.0000022222,-0.0083875876,5.3423000000,-0.0073897685
2021-02-04,0.0000746900,-0.0016738446,-0.0024115836,-0.0038747219,0.0000022222,0.0091181663,5.3910000000,0.0201704178
2021-02-05,0.0000746900,-0.0004782876,0.0007994086,0.0082125882,0.0000022222,-0.0004800641,5.3884000000,0.0035182221
2021-02-08,0.0000746900,-0.0003279886,-0.0003390579,-0.0045234433,0.0000066667,-0.0039648541,5.3670000000,0.0034197370
2021-02-09,0.0000746900,-0.0009100687,-0.0031148334,-0.0018775842,0.0000019444,0.0101752454,5.4216000000,0.0092216442
2021-02-10,0.0000746900,0.0010772619,0.0022096819,-0.0086739428,0.0000022222,-0.0035391756,5.4024000000,-0.0038603375
2021-02-11,0.0000746900,-0.0001108042,0.0000346671,0.0072993422,0.0000022222,-0.0073648903,5.3626000000,-0.0055165953
2021-02-12,0.0000746900,-0.0012272709,-0.0005641025,0.0010803871,0.0000022222,0.0035266399,5.3815000000,0.0083041647
2021-02-17,0.0000746900,-0.0015810074,-0.0026264867,0.0077625382,0.0000111112,0.0060132219,5.4138000000,0.0053954375
2021-02-18,0.0000746900,0.0003984866,0.0008641457,-0.0096116689,0.0000022222,0.0018493577,5.4238000000,-0.0025404771
2021-02-19,0.0000746900,-0.0014445740,-0.0018882193,-0.0064467000,0.0000019444,-0.0057873658,5.3924000000,-0.0075759294
2021-02-22,0.0000746900,-0.0028790998,-0.0073865157,-0.0486600035,0.0000058333,0.0207759271,5.5044000000,0.0129611772
2021-02-23,0.0000746900,0.0017755085,-0.0011861957,0.0227195549,0.0000019444,-0.0100627507,5.4490000000,-0.0088003998
2021-02-24,0.0000746900,-0.0026479652,-0.0030072482,0.0038213113,0.0000019444,-0.0056504798,5.4182000000,0.0056471317
2021-02-25,0.0000746900,-0.0023054419,-0.0032531804,-0.0294932608,0.0000019444,0.0077166987,5.4600000000,-0.0168129843
2021-02-26,0.0000746900,-0.0010486298,-0.0020604783,-0.0197867631,0.0000019444,0.0128591123,5.5302000000,0.0081629984
2021-03-01,0.0000746900,-0.0021067157,-0.0040252912,0.0027233111,0.0000058333,0.0095896294,5.5832000000,0.0336273261
2021-03-02,0.0000746900,-0.0015960292,-0.0024220069,0.0109210301,0.0000019444,0.0181277857,5.6844000000,0.0099059896
2021-03-03,0.0000746900,-0.0025472413,0.0016965999,-0.0031903410,0.0000019444,0.0087627806,5.7342000000,-0.0043691779
2021-03-04,0.0000746900,0.0068778916,0.0093351158,0.0135470992,0.0000019444,-0.0232620260,5.6008000000,-0.0361978343
2021-03-05,0.0000746900,0.0035491786,0.0090627043,0.0222917403,0.0000019444,0.0153926328,5.6870000000,0.0352303471
2021-03-08,0.0000746900,-0.0045216292,-0.0059774752,-0.0398486210,0.0000058333,0.0083230966,5.7343000000,0.0029240533
2021-03-09,0.0000746900,-0.0017775697,-0.0032148178,0.0065005852,0.0000019444,0.0183826021,5.8397000000,0.0328901218
2021-03-10,0.0000746900,-0.0003935459,0.0016076273,0.0129871728,0.0000019444,-0.0162317978,5.7449000000,-0.0102484340
2021-03-11,0.0000746900,0.0007728120,0.0024068306,0.0195720757,0.0000019444,-0.0271352212,5.5890000000,-0.0169569209
2021-03-12,0.0000746900,-0.0017133278,-0.0027678851,-0.0071606634,0.0000019444,-0.0044711364,5.5640000000,-0.0032144213
2021-03-15,0.0000746900,0.0000547243,0.0006171832,0.0060471057,0.0000058333,0.0117959812,5.6296000000,0.0184033774
2021-03-16,0.0000746900,0.0010775465,0.0010875907,-0.0072438367,0.0000019444,-0.0079027178,5.5851000000,-0.0094350627
2021-03-17,0.0000746900,0.0000327102,0.0008079821,0.0221951156,0.0000019444,0.0130366514,5.6579000000,0.0159602069
2021-03-18,0.0001037900,-0.0004338836,-0.0028408488,-0.0147062912,0.0000019444,-0.0195283079,5.5474000000,-0.0339539464
2021-03-19,0.0001037900,-0.0022684620,-0.0078942198,0.0120707520,0.0000019444,-0.0070644427,5.5082000000,-0.0075606277
2021-03-22,0.0001037900,-0.0017107270,-0.0036752966,-0.0106926786,0.0000058333,0.0034007916,5.5269000000,0.0104465446
2021-03-23,0.0001037900,-0.0024188853,-0.0036126980,-0.0149337017,0.0000019444,-0.0057517442,5.4951000000,-0.0133372773
2021-03-24,0.0001037900,-0.0025247917,-0.0025322256,-0.0105738210,0.0000019444,0.0068990116,5.5330000000,0.0014532122
2021-03-25,0.0001037900,0.0014907907,0.0021530600,0.0150423610,0.0000019444,0.0226840778,5.6585000000,0.0280739057
2021-03-26,0.0001037900,-0.0001059452,0.0025278701,0.0090612827,0.0000019444,0.0080783055,5.7042000000,0.0248500285
2021-03-29,0.0001037900,-0.0017107749,-0.0010714063,0.0055593009,0.0000058333,0.0154857455,5.7925000000,0.0145999443
2021-03-30,0.0001037900,0.0030689359,0.0019092715,0.0123979022,0.0000019444,-0.0048836930,5.7642000000,-0.0079241857
2021-03-31,0.0001037900,0.0005073349,0.0023931783,-0.0018481011,0.0000019444,-0.0116041987,5.6973000000,-0.0079478554
2021-04-01,0.0001037900,-0.0011745502,-0.0002579511,-0.0118354280,0.0000016667,-0.0021748065,5.6849000000,0.0096240017
2021-04-05,0.0001037900,0.0005137732,-0.0012479187,0.0196534919,0.0000077778,-0.0047416831,5.6579000000,0.0097556502
2021-04-06,0.0001037900,-0.0011227310,-0.0016303818,-0.0001665271,0.0000019444,-0.0055831775,5.6263000000,-0.0065092841
2021-04-07,0.0001037900,-0.0022571270,-0.0007935318,0.0010613719,0.0000019444,-0.0070897637,5.5864000000,-0.0056063637
2021-04-08,0.0001037900,0.0044616503,0.0070857416,0.0058631951,0.0000019444,-0.0008393861,5.5817000000,0.0036064974
2021-04-09,0.0001037900,-0.0023805655,-0.0050688808,-0.0054375153,0.0000019444,0.0112530189,5.6445000000,0.0190699457
2021-04-12,0.0001037900,0.0003636469,0.0004019292,0.0097037560,0.0000058333,0.0024329890,5.6582000000,0.0022469155
2021-04-13,0.0001037900,-0.0020124883,-0.0042332748,0.0040853707,0.0000019444,0.0085205712,5.7064000000,0.0118418581
2021-04-14,0.0001037900,0.0019757190,0.0020706621,0.0083618944,0.0000019444,-0.0022411554,5.6936000000,-0.0062017248
2021-04-15,0.0001037900,0.0022005949,0.0024485877,0.0033749622,0.0000019444,-0.0123277128,5.6234000000,-0.0013509788
2021-04-16,0.0001037900,0.0034914460,0.0041411724,0.0034238418,0.0000019444,0.0016735343,5.6328000000,0.0052854938
2021-04-19,0.0001037900,0.0018076173,0.0014577804,-0.0014874424,0.0000058333,-0.0102555530,5.5750000000,-0.0155140184
2021-04-20,0.0001037900,-0.0021262823,-0.0046305546,-0.0072088212,0.0000019444,-0.0086796868,5.5266000000,-0.0153914509
2021-04-22,0.0001037900,0.0034849274,0.0063918179,-0.0057512790,0.0000038889,-0.0053520470,5.4970000000,-0.0052654923
2021-04-23,0.0001037900,0.0014559890,0.0018999871,0.0097056684,0.0000019444,-0.0033271506,5.4787000000,0.0075973515
2021-04-26,0.0001037900,0.0004319996,0.0010671863,0.0005355510,0.0000058333,-0.0040279938,5.4566000000,-0.0022588189
2021-04-27,0.0001037900,-0.0008834020,-0.0003431277,-0.0100024371,0.0000019444,-0.0026004137,5.4424000000,-0.0028100903
2021-04-28,0.0001037900,0.0007833266,0.0018614746,0.0139389624,0.0000019444,-0.0076968799,5.4005000000,-0.0085302525
2021-04-29,0.0001037900,0.0005234914,0.0002558158,-0.0081515858,0.0000019444,-0.0063493317,5.3662000000,0.0004224928
2021-04-30,0.0001037900,-0.0011216566,-0.0042782508,-0.0097605687,0.0000016667,0.0069712284,5.4036000000,-0.0001953158
2021-05-03,0.0001037900,-0.0017714783,-0.0010040012,0.0026548053,0.0000041667,0.0009479858,5.4087000000,0.0036958409
2021-05-04,0.0001037900,-0.0023633679,-0.0058780831,-0.0125617526,0.0000016667,0.0077299692,5.4505000000,0.0009989221
2021-05-05,0.0001037900,0.0014765861,0.0004472359,0.0157370531,0.0000016667,-0.0116119661,5.3872000000,-0.0109126796
2021-05-06,0.0001326900,-0.0008775412,0.0012942959,0.0029788957,0.0000016667,-0.0180968191,5.2897000000,-0.0099254401
2021-05-07,0.0001326900,-0.0000538594,0.0040562075,0.0176575153,0.0000016667,-0.0128535261,5.2217000000,-0.0054103091
2021-05-10,0.0001326900,-0.0006510421,0.0008744317,-0.0010577024,0.0000050000,0.0001965095,5.2227000000,-0.0102260386
2021-05-11,0.0001326900,0.0019919412,0.0043383563,0.0086538298,0.0000016667,0.0033715767,5.2403000000,-0.0053192938
2021-05-12,0.0001326900,-0.0033228849,-0.0032670497,-0.0264628650,0.0000016667,-0.0009524788,5.2353000000,-0.0222469302
2021-05-13,0.0001326900,0.0008174296,0.0012565902,0.0083191024,0.0000016667,0.0088263906,5.2815000000,0.0212777262
2021-05-14,0.0001326900,-0.0004988384,0.0003697301,0.0097336576,0.0000016667,-0.0021568146,5.2701000000,0.0128067093
2021-05-17,0.0001326900,0.0012562902,0.0047397581,0.0086728166,0.0000050000,0.0010296536,5.2755000000,-0.0015063493
2021-05-18,0.0001326900,-0.0011427192,-0.0068668458,0.0003423681,0.0000016667,-0.0031639153,5.2588000000,-0.0115332697
2021-05-19,0.0001326900,-0.0006139797,0.0001961507,-0.0027944390,0.0000016667,0.0044513584,5.2822000000,0.0016348759
2021-05-20,0.0001326900,0.0017696080,0.0037935194,0.0005258639,0.0000016667,0.0015729843,5.2905000000,0.0122336434
2021-05-21,0.0001326900,0.0008041566,0.0008877030,-0.0008827979,0.0000016667,0.0023076907,5.3027000000,0.0015602620
2021-05-24,0.0001326900,-0.0009165378,-0.0018582821,0.0117393018,0.0000050000,0.0032297884,5.3198000000,0.0132679984
2021-05-25,0.0001326900,0.0018591652,-0.0005101366,-0.0084164828,0.0000016667,-0.0010322085,5.3143000000,-0.0031424456
2021-05-26,0.0001326900,0.0016125752,0.0016393660,0.0081427648,0.0000016667,0.0003968276,5.3164000000,0.0022859318
2021-05-27,0.0001326900,0.0023991621,0.0038243740,0.0030438142,0.0000016667,-0.0060926931,5.2840000000,-0.0048485538
2021-05-28,0.0001326900,0.0012343273,0.0035764819,0.0096070833,0.0000016667,-0.0105774577,5.2281000000,-0.0096951863
2021-05-31,0.0001326900,-0.0009933105,-0.0012818452,0.0052114755,0.0000041667,0.0007883937,5.2322000000,0.0007842237
2021-06-01,0.0001326900,-0.0002701957,0.0032304329,0.0162524909,0.0000013889,-0.0131097489,5.1636000000,-0.0135662365
2021-06-02,0.0001326900,0.0016391143,0.0054482350,0.0104032174,0.0000016667,-0.0094684862,5.1147000000,-0.0079324171
2021-06-04,0.0001326900,0.0017831539,0.0043792580,0.0040457884,0.0000033333,-0.0094009641,5.0666000000,-0.0041072292
2021-06-07,0.0001326900,-0.0012415149,-0.0022113321,0.0049989326,0.0000050000,-0.0033108497,5.0498000000,-0.0040864290
2021-06-08,0.0001326900,0.0004632339,0.0015264029,-0.0075637576,0.0000016667,-0.0001765585,5.0489000000,0.0000174554
2021-06-09,0.0001326900,-0.0009208752,0.0002967062,0.0009222025,0.0000016667,0.0008731451,5.0533000000,-0.0009150616
2021-06-10,0.0001326900,-0.0015042544,-0.0025921071,0.0013037809,0.0000016667,0.0020201530,5.0635000000,0.0067291967
2021-06-11,0.0001326900,-0.0010253559,-0.0025051002,-0.0048828313,0.0000016667,0.0109624828,5.1190000000,0.0129539212
2021-06-14,0.0001326900,0.0006224929,0.0019517032,0.0059249374,0.0000050000,-0.0094304838,5.0707000000,-0.0073910446
2021-06-15,0.0001326900,0.0007635750,-0.0013261305,-0.0008976410,0.0000016667,0.0032951030,5.0874000000,0.0013109131
2021-06-16,0.0001326900,-0.0002278859,0.0000809199,-0.0063923676,0.0000016667,-0.0131091780,5.0207000000,-0.0184174715
2021-06-17,0.0001613700,-0.0018451490,-0.0072163315,-0.0093012126,0.0000016667,0.0030291380,5.0359000000,0.0026164915
2021-06-18,0.0001613700,-0.0026101196,-0.0045248946,0.0027185503,0.0000027778,-0.0008908088,5.0314000000,-0.0139555088
2021-06-21,0.0001613700,0.0027137512,0.0039016692,0.0066945030,0.0000083334,0.0011809790,5.0373000000,0.0152365670
2021-06-22,0.0001613700,-0.0010474092,-0.0031363270,-0.0038487615,0.0000027778,-0.0038683544,5.0178000000,0.0012333262
2021-06-23,0.0001613700,0.0002136309,0.0021910055,-0.0026363029,0.0000027778,-0.0131305043,4.9519000000,-0.0142000308
2021-06-24,0.0001613700,0.0020096753,0.0034339409,0.0084532981,0.0000027778,-0.0048842489,4.9277000000,0.0009821736
2021-06-25,0.0001613700,0.0003045432,-0.0009638401,-0.0174345370,0.0000027778,-0.0014380607,4.9206000000,0.0019034219
2021-06-28,0.0001613700,0.0027309852,0.0030352318,0.0013638691,0.0000083334,0.0043574327,4.9420000000,0.0066730917
2021-06-29,0.0001613700,0.0009536539,-0.0000437539,-0.0007983258,0.0000027778,0.0006098211,4.9450000000,0.0009735521
2021-06-30,0.0001613700,-0.0013416055,-0.0006561627,-0.0041293534,0.0000027778,0.0115700495,5.0022000000,0.0129389261
2021-07-01,0.0001613700,-0.0012051797,-0.0001545652,-0.0089546935,0.0000022222,0.0006619334,5.0055000000,0.0059523821
2021-07-02,0.0001613700,0.0007157916,0.0033826371,0.0155607487,0.0000027778,0.0047575607,5.0293000000,0.0124194493
2021-07-05,0.0001613700,-0.0011419414,-0.0007198091,-0.0054974998,0.0000083334,0.0090752771,5.0749000000,0.0090668682
2021-07-06,0.0001613700,-0.0016046000,-0.0020498529,-0.0143804702,0.0000027778,0.0176583471,5.1645000000,0.0156446231
2021-07-07,0.0001613700,0.0016818401,0.0032364160,0.0153789667,0.0000027778,0.0132277153,5.2328000000,0.0166296779
2021-07-08,0.0001613700,-0.0006203261,-0.0012646943,-0.0125252414,0.0000027778,0.0049523405,5.2587000000,-0.0034568444
2021-07-09,0.0001613700,0.0002773111,0.0003782690,0.0000000000,0.0000027778,-0.0036863572,5.2393000000,0.0075618296
2021-07-12,0.0001613700,-0.0006839275,-0.0023310928,0.0172693814,0.0000083334,-0.0029310151,5.2239000000,0.0005000862
2021-07-13,0.0001613700,-0.0009886201,-0.0007995531,0.0044979448,0.0000027778,-0.0089752138,5.1770000000,-0.0124597053
2021-07-14,0.0001613700,0.0030625077,0.0041848024,0.0018629493,0.0000027778,-0.0171886936,5.0880000000,-0.0159272777
2021-07-15,0.0001613700,-0.0001135394,0.0018009605,-0.0073098319,0.0000027778,0.0023612749,5.1000000000,-0.0008903138
2021-07-16,0.0001613700,0.0015160740,0.0029518149,-0.0118274502,0.0000027778,-0.0011540882,5.0941000000,-0.0086869728
2021-07-19,0.0001613700,0.0006126477,0.0002491795,-0.0124300315,0.0000083334,0.0203653865,5.1978000000,0.0041827270
2021-07-20,0.0001613700,0.0014523063,0.0029673119,0.0080935205,0.0000027778,0.0093721524,5.2465000000,0.0247027170
2021-07-21,0.0001613700,-0.0000439087,0.0001089909,0.0042096035,0.0000027778,0.0009748571,5.2516000000,0.0092229126
2021-07-22,0.0001613700,0.0000835533,0.0006238521,0.0017264456,0.0000027778,-0.0102417476,5.1978000000,-0.0081746841
2021-07-23,0.0001613700,-0.0034867817,-0.0041066889,-0.0086714940,0.0000027778,-0.0053264148,5.1701000000,0.0048078806
2021-07-26,0.0001613700,-0.0002585900,-0.0027947784,0.0076054287,0.0000083334,0.0031417611,5.1863000000,0.0055343342
2021-07-27,0.0001613700,-0.0008446885,-0.0037979199,-0.0110459315,0.0000027778,-0.0037378570,5.1669000000,-0.0084311284
2021-07-28,0.0001613700,-0.0001795013,-0.0003317374,0.0134301640,0.0000027778,-0.0027454928,5.1527000000,-0.0029277761
2021-07-29,0.0001613700,0.0015980287,0.0012821163,-0.0048323803,0.0000027778,-0.0163964371,5.0682000000,-0.0121458451
2021-07-30,0.0001613700,-0.0045492900,-0.0064783306,-0.0308297579,0.0000027778,0.0105390921,5.1216000000,0.0051521745
2021-08-02,0.0001613700,-0.0003989846,0.0004586805,0.0058698306,0.0000058333,0.0031884511,5.1379000000,0.0013362596
2021-08-03,0.0001613700,-0.0002806052,0.0032286479,0.0086586426,0.0000027778,0.0211204137,5.2464000000,0.0294969371
2021-08-04,0.0001613700,0.0004430543,-0.0008521793,-0.0143663976,0.0000027778,-0.0071068791,5.2091000000,-0.0116994118
2021-08-05,0.0001993000,-0.0044266837,-0.0065480841,-0.0013816776,0.0000027778,-0.0120338839,5.1464000000,-0.0060328511
2021-08-06,0.0001993000,0.0005106846,0.0007102726,0.0096802741,0.0000027778,0.0183846103,5.2410000000,0.0202073982
2021-08-09,0.0001993000,-0.0010863007,-0.0046238993,0.0017019737,0.0000083334,0.0069536307,5.2774000000,0.0060758900
2021-08-10,0.0001993000,0.0019081718,0.0008403827,-0.0066404984,0.0000027778,-0.0105516912,5.2217000000,-0.0095719636
2021-08-11,0.0001993000,-0.0003498215,-0.0016638554,-0.0011958023,0.0000027778,-0.0039040067,5.2013000000,-0.0014090571
2021-08-12,0.0001993000,-0.0018845189,-0.0045615409,-0.0111043802,0.0000027778,0.0065011712,5.2351000000,0.0097348443
2021-08-13,0.0001993000,-0.0020404422,-0.0065705677,0.0040825683,0.0000027778,0.0023523096,5.2474000000,0.0040001267
2021-08-16,0.0001993000,-0.0017704003,-0.0032573795,-0.0166157083,0.0000083334,0.0004085349,5.2495000000,0.0030503830
2021-08-17,0.0001993000,0.0000265037,0.0019556898,-0.0107083376,0.0000027778,0.0017172315,5.2585000000,-0.0052964514
2021-08-18,0.0001993000,-0.0033212546,-0.0081546866,-0.0106967705,0.0000027778,0.0083702062,5.3025000000,-0.0022798100
2021-08-19,0.0001993000,0.0016254678,0.0036721742,0.0044758082,0.0000025000,0.0217847327,5.4180000000,0.0231343180
2021-08-20,0.0001993000,0.0028206809,0.0051580613,0.0075797580,0.0000025000,0.0017374619,5.4274000000,0.0099398306
2021-08-23,0.0001993000,-0.0020750589,-0.0040719195,-0.0049223750,0.0000075000,-0.0108264980,5.3686000000,-0.0023129117
2021-08-24,0.0001993000,0.0024791006,0.0075452362,0.0233169410,0.0000025000,-0.0124588805,5.3017000000,-0.0109791570
2021-08-25,0.0001993000,0.0022499196,0.0079401485,0.0050491325,0.0000025000,-0.0104092807,5.2465000000,-0.0082020000
2021-08-26,0.0001993000,0.0001819528,-0.0005410206,-0.0173297441,0.0000025000,-0.0006836734,5.2429000000,-0.0064693168
2021-08-27,0.0001993000,0.0012888226,0.0040557328,0.0164552280,0.0000025000,-0.0043653226,5.2200000000,0.0044341983
2021-08-30,0.0001993000,0.0005745798,-0.0013110238,-0.0077697932,0.0000066667,-0.0047443228,5.1952000000,-0.0004023689
2021-08-31,0.0001993000,-0.0024172695,-0.0041462758,-0.0080084376,0.0000022222,-0.0099877907,5.1433000000,-0.0112121425
2021-09-01,0.0001993000,-0.0000141933,0.0014213320,0.0051739743,0.0000016667,0.0027819874,5.1576000000,0.0031598036
2021-09-02,0.0001993000,-0.0026858791,-0.0040959937,-0.0227690133,0.0000022222,0.0030850583,5.1735000000,0.0060929865
2021-09-03,0.0001993000,-0.0004119860,-0.0010925357,0.0021954612,0.0000022222,-0.0009642436,5.1685000000,-0.0012757107
2021-09-06,0.0001993000,0.0008112289,0.0006684118,0.0079993507,0.0000066667,0.0017092997,5.1773000000,0.0017026217
2021-09-08,0.0001993000,-0.0030866195,-0.0055909106,-0.0378030185,0.0000044444,0.0145101393,5.2524000000,0.0097914825
2021-09-09,0.0001993000,-0.0037002896,0.0081448952,0.0171763620,0.0000022222,0.0057329485,5.2825000000,0.0011839497
2021-09-10,0.0001993000,0.0018771859,0.0009923311,-0.0093179784,0.0000022222,-0.0126244031,5.2158000000,-0.0202046120
2021-09-13,0.0001993000,0.0011342128,0.0020821903,0.0185306275,0.0000066667,0.0006201912,5.2190000000,0.0028999537
2021-09-14,0.0001993000,0.0023056777,0.0021560506,-0.0019172068,0.0000022222,0.0013434783,5.2260000000,-0.0041672947
2021-09-15,0.0001993000,-0.0008754637,0.0011923049,-0.0096230393,0.0000022222,0.0060489253,5.2576000000,0.0145992890
2021-09-16,0.0001993000,0.0000784933,-0.0017969328,-0.0110223536,0.0000022222,0.0003445845,5.2594000000,-0.0011785544
2021-09-17,0.0001993000,-0.0005750013,-0.0020152949,-0.0206944497,0.0000022222,0.0096801538,5.3103000000,0.0004835000
2021-09-20,0.0001993000,0.0013489718,0.0005427356,-0.0232918582,0.0000066667,0.0043190695,5.3332000000,-0.0127326430
2021-09-21,0.0001993000,0.0038724065,0.0025608757,0.0129175091,0.0000022222,-0.0053979248,5.3044000000,-0.0061622244
2021-09-22,0.0001993000,0.0010431031,0.0000373744,0.0184358728,0.0000022222,-0.0049182321,5.2783000000,0.0045524385
2021-09-23,0.0002368700,-0.0017780365,-0.0031848665,0.0158714269,0.0000022222,0.0020483401,5.2891000000,0.0142461586
2021-09-24,0.0002368700,-0.0008526330,-0.0000799157,-0.0068530609,0.0000022222,0.0102875488,5.3435000000,0.0117744406
2021-09-27,0.0002368700,-0.0010406859,0.0000898959,0.0026512440,0.0000066667,0.0008113881,5.3478000000,-0.0019518979
2021-09-28,0.0002368700,-0.0011967140,-0.0010235447,-0.0304549069,0.0000022222,0.0136153270,5.4206000000,-0.0069741807
2021-09-29,0.0002368700,0.0013483917,0.0008606785,0.0089261318,0.0000022222,-0.0006065678,5.4173000000,0.0010573271
2021-09-30,0.0002368700,-0.0008668162,-0.0031179822,-0.0011496143,0.0000022222,0.0040817543,5.4394000000,-0.0078104308
2021-10-01,0.0002368700,0.0020575972,0.0042498574,0.0173054206,0.0000016667,-0.0088780040,5.3911000000,0.0025159643
2021-10-04,0.0002368700,-0.0007322800,-0.0016711151,-0.0222015766,0.0000066667,0.0054415863,5.4204000000,-0.0075620332
2021-10-05,0.0002368700,-0.0003816981,-0.0017209898,0.0005847286,0.0000022222,0.0075109099,5.4611000000,0.0182281134
2021-10-06,0.0002368700,0.0030622411,0.0025777015,0.0009227972,0.0000022222,0.0089015480,5.5097000000,0.0130410867
2021-10-07,0.0002368700,-0.0017173256,-0.0015383942,0.0002339011,0.0000022222,0.0007826657,5.5140000000,0.0093173484
2021-10-08,0.0002368700,0.0038079704,0.0026797563,0.0203260954,0.0000022222,-0.0010133767,5.5084000000,-0.0029122257
2021-10-11,0.0002368700,-0.0008977335,-0.0022467024,-0.0057848222,0.0000066667,0.0014045411,5.5161000000,-0.0054769796
2021-10-13,0.0002368700,0.0010904924,0.0004713935,0.0113695359,0.0000044444,0.0056243820,5.5471000000,0.0062413361
2021-10-14,0.0002368700,-0.0007107670,-0.0011199491,-0.0023836570,0.0000022222,-0.0087050496,5.4988000000,0.0083188531
2021-10-15,0.0002368700,-0.0017947179,-0.0029222602,0.0129213571,0.0000022222,-0.0086906028,5.4510000000,-0.0012972645
2021-10-18,0.0002368700,-0.0009119674,-0.0018820731,-0.0019172600,0.0000066667,0.0125365613,5.5193000000,0.0159471256
2021-10-19,0.0002368700,-0.0085695325,-0.0059823430,-0.0328190136,0.0000022222,0.0059450180,5.5521000000,0.0133947830
2021-10-20,0.0002368700,-0.0003654591,-0.0025879757,0.0010270820,0.0000022222,0.0009027844,5.5571000000,0.0045785023
2021-10-21,0.0002368700,-0.0086050049,-0.0057351510,-0.0275432650,0.0000022222,0.0153339941,5.6423000000,0.0184480662
2021-10-22,0.0002368700,-0.0018343256,-0.0019741799,-0.0133552686,0.0000022222,0.0123021982,5.7117000000,0.0112298202
2021-10-25,0.0002368700,-0.0017308328,-0.0057769324,0.0227512409,0.0000066667,-0.0200225300,5.5973000000,-0.0153721462
2021-10-26,0.0002368700,-0.0041520687,-0.0035718634,-0.0211105137,0.0000022222,-0.0030885606,5.5800000000,-0.0012728930
2021-10-27,0.0002368700,0.0017325348,0.0030470817,-0.0005302598,0.0000022222,-0.0023812956,5.5667000000,-0.0074053084
2021-10-28,0.0002925600,-0.0102204116,-0.0114087531,-0.0061876722,0.0000022222,0.0082117721,5.6124000000,0.0181694390
2021-10-29,0.0002925600,0.0044140442,0.0115706730,-0.0208528531,0.0000022222,0.0054544473,5.6430000000,0.0075237822
2021-11-01,0.0002925600,-0.0031207748,-0.0022592992,0.0198080767,0.0000058333,0.0046842232,5.6694000000,0.0064966962
2021-11-03,0.0002925600,0.0066851810,0.0188143608,0.0006254805,0.0000044444,-0.0003836054,5.6672000000,0.0097745207
2021-11-04,0.0002925600,-0.0011840234,-0.0044799276,-0.0208753563,0.0000022222,-0.0128789470,5.5942000000,-0.0086237625
2021-11-05,0.0002925600,0.0016932425,-0.0010896349,0.0136554633,0.0000022222,-0.0087032420,5.5455000000,-0.0049054325
2021-11-08,0.0002925600,-0.0001427163,0.0012851878,-0.0004111645,0.0000066667,0.0031083013,5.5627000000,0.0040035900
2021-11-09,0.0002925600,0.0039139939,0.0048017161,0.0071954750,0.0000022222,-0.0120423153,5.4957000000,-0.0154309045
2021-11-10,0.0002925600,0.0003520614,0.0004711875,0.0040975001,0.0000022222,-0.0066757408,5.4590000000,-0.0146284837
2021-11-11,0.0002925600,0.0017945569,0.0023748509,0.0153552726,0.0000022222,-0.0076731933,5.4171000000,-0.0071280059
2021-11-12,0.0002925600,0.0006680312,0.0046571971,-0.0117118255,0.0000022222,0.0005191051,5.4199000000,0.0078380281
2021-11-16,0.0002925600,-0.0008698306,-0.0026194111,-0.0181585400,0.0000088889,0.0105811337,5.4772000000,0.0145646105
2021-11-17,0.0002925600,-0.0015211498,-0.0003177454,-0.0139383045,0.0000022222,0.0040371395,5.4993000000,0.0016207909
2021-11-18,0.0002925600,-0.0009821403,0.0005455163,-0.0050748700,0.0000022222,0.0086760727,5.5470000000,0.0121785883
2021-11-19,0.0002925600,0.0023703413,0.0036351980,0.0059459512,0.0000022222,0.0020573917,5.5584000000,0.0006756319
2021-11-22,0.0002925600,-0.0032109177,-0.0031170050,-0.0088576680,0.0000066667,0.0046303302,5.5841000000,0.0015051374
2021-11-23,0.0002925600,0.0036930816,0.0021560457,0.0149962246,0.0000022222,0.0110156598,5.6456000000,0.0127014810
2021-11-24,0.0002925600,0.0014514351,0.0024824038,0.0083004177,0.0000022222,-0.0075966327,5.6027000000,-0.0052782656
2021-11-25,0.0002925600,-0.0001041718,-0.0005999261,0.0124103722,0.0000022222,-0.0051203194,5.5740000000,-0.0051225302
2021-11-26,0.0002925600,0.0027772082,0.0014683879,-0.0338998925,0.0000022222,0.0022447819,5.5865000000,-0.0205120678
2021-11-29,0.0002925600,0.0015886622,0.0028569365,0.0057693741,0.0000066667,0.0045354716,5.6118000000,0.0178535327
2021-11-30,0.0002925600,0.0019469435,0.0032567515,-0.0087398578,0.0000022222,0.0014456126,5.6199000000,-0.0174150545
2021-12-01,0.0002925600,0.0004325464,-0.0033163765,-0.0111943773,0.0000019444,-0.0005496679,5.6168000000,-0.0122752233
2021-12-02,0.0002925600,0.0034339206,0.0030868700,0.0366329521,0.0000022222,0.0031534897,5.6345000000,0.0175493363
2021-12-03,0.0002925600,0.0054573851,0.0064895191,0.0057765073,0.0000022222,0.0015462846,5.6432000000,-0.0068713115
2021-12-06,0.0002925600,0.0001606011,-0.0012213671,0.0170285075,0.0000066667,0.0078923161,5.6877000000,0.0197388562
2021-12-07,0.0002925600,0.0006843953,0.0017052734,0.0065394665,0.0000022222,-0.0081909145,5.6411000000,0.0123569370
2021-12-08,0.0002925600,0.0029719245,0.0036354632,0.0050006662,0.0000022222,-0.0112012914,5.5779000000,-0.0081319535
2021-12-09,0.0003474900,-0.0003965814,-0.0000066312,-0.0166916245,0.0000022222,-0.0038522836,5.5564000000,-0.0108873532
2021-12-10,0.0003474900,0.0042241470,0.0047373053,0.0138026426,0.0000022222,0.0066072329,5.5931000000,0.0162279651
2021-12-13,0.0003474900,-0.0013858403,-0.0035507956,-0.0034801947,0.0000066667,0.0076232450,5.6357000000,-0.0015674640
2021-12-14,0.0003474900,0.0015227544,-0.0007890421,-0.0058053709,0.0000022222,0.0018476049,5.6461000000,-0.0054947523
2021-12-15,0.0003474900,-0.0007404341,-0.0015913349,0.0062875656,0.0000022222,0.0117980013,5.7127000000,0.0283576157
2021-12-16,0.0003474900,-0.0012580535,-0.0047601129,0.0083323110,0.0000022222,-0.0028685808,5.6963000000,-0.0115472254
2021-12-17,0.0003474900,-0.0015058598,-0.0027924418,-0.0103923949,0.0000022222,-0.0000679990,5.6959000000,-0.0103025848
2021-12-20,0.0003474900,0.0040122470,0.0013164005,-0.0203429907,0.0000066667,0.0016921008,5.7055000000,-0.0097121032
2021-12-21,0.0003474900,0.0022615155,0.0017494803,0.0045715198,0.0000022222,0.0055582770,5.7372000000,0.0235086656
2021-12-22,0.0003474900,-0.0000272563,0.0008370430,-0.0024280596,0.0000022222,-0.0029783324,5.7201000000,0.0072745303
2021-12-23,0.0003474900,-0.0021107198,-0.0012726527,-0.0033484183,0.0000022222,-0.0050851127,5.6910000000,0.0011214637
2021-12-24,0.0003474900,0.0004108765,0.0002947437,0.0000000000,0.0000022222,-0.0056031320,5.6591000000,-0.0056053418
2021-12-27,0.0003474900,0.0000903191,-0.0003208580,0.0063215908,0.0000066667,0.0010492422,5.6650000000,0.0149323717
2021-12-28,0.0003474900,0.0004243862,-0.0001627417,-0.0065390926,0.0000022222,-0.0037400632,5.6438000000,-0.0047486913
2021-12-29,0.0003474900,-0.0013437989,-0.0042271892,-0.0072181947,0.0000022222,0.0032092884,5.6619000000,0.0046156966
2021-12-30,0.0003474900,0.0010012374,0.0020171692,0.0068698392,0.0000022222,-0.0143746090,5.5805000000,-0.0172330778
2021-12-31,0.0003474900,0.0004147814,0.0004766236,0.0000000000,0.0000022222,0.0000022222,5.5805000000,-0.0025777752
2022-01-03,0.0003474900,-0.0019847434,-0.0006823999,-0.0085940568,0.0000058333,0.0090373348,5.6309000000,0.0154685495
2022-01-04,0.0003474900,-0.0045900240,-0.0024833049,-0.0039255558,0.0000022222,0.0082957639,5.6776000000,0.0077256915
2022-01-05,0.0003474900,-0.0009115071,-0.0035127744,-0.0242286910,0.0000022222,-0.0026045188,5.6628000000,-0.0218749264
2022-01-06,0.0003474900,0.0006729174,-0.0034349847,0.0054988018,0.0000022222,0.0073131094,5.7042000000,0.0064130475
2022-01-07,0.0003474900,-0.0007465336,-0.0034742183,0.0114061444,0.0000022222,-0.0050642313,5.6753000000,-0.0089149922
2022-01-10,0.0003474900,-0.0009921577,-0.0012127749,-0.0075377141,0.0000066667,-0.0002928790,5.6736000000,-0.0017403824
2022-01-11,0.0003474900,0.0000198633,-0.0027749813,0.0179878994,0.0000022222,-0.0067836079,5.6351000000,0.0023116378
2022-01-12,0.0003474900,0.0044664553,0.0043696950,0.0183725066,0.0000022222,-0.0131297833,5.5611000000,-0.0103360106
2022-01-13,0.0003474900,0.0005624077,0.0009510544,-0.0014775893,0.0000022222,-0.0065612420,5.5246000000,-0.0206045907
2022-01-14,0.0003474900,0.0002308889,0.0010822510,0.0132502286,0.0000022222,0.0018666147,5.5349000000,0.0027034338
2022-01-17,0.0003474900,-0.0028891262,-0.0042365001,-0.0051803184,0.0000066667,-0.0052509159,5.5058000000,-0.0052575476
2022-01-18,0.0003474900,-0.0002875292,-0.0000724759,0.0027618625,0.0000022222,0.0028174415,5.5213000000,-0.0156089146
2022-01-19,0.0003474900,0.0032753891,0.0050702497,0.0126168513,0.0000022222,-0.0042540312,5.4978000000,-0.0138848119
2022-01-20,0.0003474900,0.0030148796,0.0039395339,0.0100776320,0.0000022222,-0.0147673548,5.4166000000,-0.0255703225
2022-01-21,0.0003474900,-0.0013094523,-0.0015831646,-0.0014693591,0.0000022222,0.0043407468,5.4401000000,-0.0146477205
2022-01-24,0.0003474900,0.0017249801,0.0016092443,-0.0092211723,0.0000066667,0.0093631747,5.4910000000,0.0121542298
2022-01-25,0.0003474900,0.0008939309,-0.0007147831,0.0209998211,0.0000022222,0.0011131335,5.4971000000,-0.0110700080
2022-01-26,0.0003474900,0.0001718115,-0.0011456506,0.0098491186,0.0000022222,-0.0117676462,5.4324000000,-0.0132390431
2022-01-27,0.0003474900,-0.0036782652,-0.0014101665,0.0118831858,0.0000022222,-0.0094227306,5.3812000000,-0.0146934456
2022-01-28,0.0003474900,0.0002776063,0.0014133538,-0.0062298173,0.0000022222,0.0026410447,5.3954000000,0.0271703257
2022-01-31,0.0003474900,0.0013238929,0.0010069529,0.0020856920,0.0000066667,-0.0070364169,5.3574000000,0.0117291310
2022-02-01,0.0003474900,0.0025269297,0.0028040109,0.0096733195,0.0000022222,-0.0142584583,5.2810000000,-0.0074915705
2022-02-02,0.0003474900,0.0022031940,0.0042067948,-0.0117810643,0.0000022222,0.0027668563,5.2956000000,0.0122233719
2022-02-03,0.0004016800,0.0020401631,0.0039823327,-0.0017732797,0.0000022222,0.0013051936,5.3025000000,-0.0230739658
2022-02-04,0.0004016800,-0.0027952028,-0.0030646603,0.0049151294,0.0000022222,0.0048867215,5.3284000000,0.0102360564
2022-02-07,0.0004016800,0.0018969667,0.0014877216,-0.0022142646,0.0000066667,-0.0069560702,5.2913000000,-0.0106169274
2022-02-08,0.0004016800,-0.0020395662,-0.0033335639,0.0021256040,0.0000022222,-0.0040421615,5.2699000000,0.0043323412
2022-02-09,0.0004016800,-0.0003862784,-0.0028534206,0.0020219280,0.0000022222,0.0006853487,5.2735000000,0.0153363260
2022-02-10,0.0004016800,-0.0012943614,-0.0011098113,0.0080594771,0.0000022222,-0.0120201805,5.2101000000,-0.0297947711
2022-02-11,0.0004016800,-0.0011629761,-0.0006499702,0.0018045693,0.0000022222,-0.0021858405,5.1987000000,-0.0210785246
2022-02-14,0.0004016800,0.0000550734,0.0017435338,0.0028778131,0.0000066667,0.0022957157,5.2106000000,-0.0014880083
2022-02-15,0.0004016800,0.0024955096,0.0026830254,0.0081562476,0.0000022222,-0.0043159081,5.1881000000,0.0114963972
2022-02-16,0.0004016800,0.0003750431,0.0007294861,0.0030721553,0.0000022222,-0.0048357832,5.1630000000,-0.0038283637
2022-02-17,0.0004016800,-0.0007936530,-0.0023838095,-0.0143467301,0.0000022222,-0.0012567385,5.1565000000,-0.0222841002
2022-02-18,0.0004016800,0.0009145791,-0.0005928830,-0.0057133681,0.0000022222,-0.0043806053,5.1339000000,-0.0113708208
2022-02-21,0.0004016800,0.0014102720,0.0007029077,-0.0102281319,0.0000066667,-0.0066549800,5.0997000000,-0.0066616023
2022-02-22,0.0004016800,-0.0003368059,-0.0018254164,0.0104407865,0.0000022222,-0.0075668673,5.0611000000,-0.0176218431
2022-02-23,0.0004016800,0.0019746057,0.0020512067,-0.0078321898,0.0000022222,-0.0092448000,5.0143000000,-0.0274839723
2022-02-24,0.0004016800,-0.0012162925,-0.0002119682,-0.0037117121,0.0000022222,0.0205634629,5.1174000000,0.0359088102
2022-02-25,0.0004016800,-0.0000164202,0.0011150109,0.0138905280,0.0000022222,0.0043012899,5.1394000000,0.0268800818
2022-03-02,0.0004016800,-0.0014220115,-0.0000432348,0.0179568249,0.0000111112,-0.0009034026,5.1347000000,-0.0003133933
2022-03-03,0.0004016800,-0.0019989328,-0.0002121257,-0.0000699813,0.0000022222,-0.0169024057,5.0479000000,-0.0219473693
2022-03-04,0.0004016800,-0.0026688998,-0.0021452436,-0.0060067442,0.0000022222,0.0055292854,5.0758000000,-0.0023812425
2022-03-07,0.0004016800,-0.0036601842,-0.0025862368,-0.0251613950,0.0000066667,-0.0035198945,5.0579000000,-0.0329275255
2022-03-08,0.0004016800,-0.0010028705,-0.0012217092,-0.0034949181,0.0000022222,0.0064080571,5.0903000000,-0.0008476923
2022-03-09,0.0004016800,0.0037466417,0.0041335357,0.0242518555,0.0000022222,-0.0158907860,5.0094000000,0.0095506253
2022-03-10,0.0004016800,-0.0016918941,0.0009277740,-0.0020826101,0.0000022222,0.0083665160,5.0513000000,0.0041294066
2022-03-11,0.0004016800,-0.0013561005,0.0004192024,-0.0171564869,0.0000022222,-0.0051053852,5.0255000000,-0.0179454194
2022-03-14,0.0004016800,-0.0033523450,-0.0025921815,-0.0159824629,0.0000066667,0.0078069376,5.0647000000,0.0005400514
2022-03-15,0.0004016800,0.0038617911,0.0022432442,-0.0088087052,0.0000022222,0.0131718371,5.1314000000,0.0348831262
2022-03-16,0.0004016800,0.0001662447,0.0002477859,0.0197608648,0.0000022222,-0.0005239511,5.1287000000,0.0218700536
2022-03-17,0.0004373900,0.0028747622,0.0041674292,0.0176748902,0.0000022222,-0.0101953164,5.0764000000,0.0020835634
2022-03-18,0.0004373900,0.0033039077,0.0050674319,0.0197616955,0.0000091667,-0.0069446438,5.0411000000,0.0046383620
2022-03-21,0.0004373900,-0.0009118574,0.0009278943,0.0073160467,0.0000275003,-0.0147514267,4.9666000000,-0.0151554959
2022-03-22,0.0004373900,0.0016564143,0.0039914643,0.0096243341,0.0000091667,-0.0092125182,4.9208000000,0.0019783270
2022-03-23,0.0004373900,0.0002935987,0.0035769408,0.0015766705,0.0000091667,-0.0102331643,4.8704000000,-0.0223344692
2022-03-24,0.0004373900,0.0048166373,0.0121548043,0.0135842511,0.0000091667,-0.0130699611,4.8067000000,0.0011639073
2022-03-25,0.0004373900,0.0032097113,0.0056409211,0.0002370375,0.0000091667,-0.0059201115,4.7782000000,-0.0008868002
2022-03-28,0.0004373900,0.0014332894,-0.0006940156,-0.0028833284,0.0000275003,0.0026017622,4.7905000000,0.0097384341
2022-03-29,0.0004373900,0.0010808153,-0.0015009928,0.0107496536,0.0000091667,-0.0087373909,4.7486000000,0.0034053334
2022-03-30,0.0004373900,-0.0017890378,-0.0025590729,0.0020463417,0.0000091667,0.0002408160,4.7497000000,-0.0059616422
2022-03-31,0.0004373900,0.0018890745,0.0004550232,-0.0021663938,0.0000091667,-0.0024962777,4.7378000000,-0.0180517552
2022-04-01,0.0004373900,0.0037853050,0.0072081798,0.0130910840,0.0000091667,-0.0083070056,4.6984000000,-0.0049343123
2022-04-04,0.0004373900,0.0015300114,0.0018562705,-0.0023907184,0.0000275003,-0.0171916009,4.6175000000,-0.0092597017
2022-04-05,0.0004373900,-0.0027720501,-0.0035081341,-0.0197424940,0.0000091667,0.0048819780,4.6400000000,-0.0075800036
2022-04-06,0.0004373900,-0.0015133654,0.0007405155,-0.0055297066,0.0000091667,0.0122291063,4.6967000000,0.0023878972
2022-04-07,0.0004373900,-0.0011159281,0.0017751718,0.0053656608,0.0000091667,0.0096969085,4.7422000000,0.0141086231
2022-04-08,0.0004373900,-0.0034411093,-0.0016836363,-0.0045419012,0.0000091667,0.0019281248,4.7513000000,-0.0007184792
2022-04-11,0.0004373900,-0.0021680780,-0.0067619512,-0.0115735619,0.0000275003,-0.0102436554,4.7025000000,-0.0269755869
2022-04-12,0.0004373900,-0.0002343914,0.0011088949,-0.0068915807,0.0000091667,-0.0115167231,4.6483000000,-0.0148705773
2022-04-13,0.0004373900,0.0004647580,0.0024444551,0.0054680772,0.0000091667,0.0070655745,4.6811000000,0.0185017115
2022-04-14,0.0004373900,-0.0013352590,-0.0000758162,-0.0051407769,0.0000091667,0.0074220222,4.7158000000,-0.0048221147
2022-04-18,0.0004373900,0.0018959876,0.0032727806,-0.0042550624,0.0000366672,-0.0087002408,4.6746000000,-0.0089392895
2022-04-19,0.0004373900,0.0002299234,-0.0007167523,-0.0054508167,0.0000091667,-0.0017450102,4.6664000000,0.0142900385
2022-04-20,0.0004373900,0.0004495813,0.0010825766,-0.0061959038,0.0000091667,-0.0057126413,4.6397000000,-0.0063221849
2022-04-22,0.0004373900,-0.0010038670,-0.0019759116,-0.0285653492,0.0000183334,0.0200415468,4.7326000000,-0.0228095605
2022-04-25,0.0004373900,0.0027194244,0.0018244577,-0.0035341087,0.0000275003,0.0315543783,4.8818000000,0.0374183078
2022-04-26,0.0004373900,-0.0017461675,-0.0024673015,-0.0223344728,0.0000091667,0.0173799679,4.9666000000,-0.0112559397
2022-04-27,0.0004373900,0.0021499395,0.0022362492,0.0105025410,0.0000091667,0.0100966429,5.0167000000,0.0122175815
2022-04-28,0.0004373900,0.0003802055,0.0022225692,0.0052089921,0.0000091667,-0.0011270488,5.0110000000,0.0236419698
2022-04-29,0.0004373900,0.0005319448,-0.0002249997,-0.0185846902,0.0000091667,-0.0183306542,4.9191000000,-0.0538890511
2022-05-02,0.0004373900,-0.0014177201,-0.0010485457,-0.0114716727,0.0000275003,0.0218816923,5.0266000000,0.0276580753
2022-05-03,0.0004373900,0.0002670502,0.0004271662,-0.0010366786,0.0000091667,-0.0019603735,5.0167000000,0.0028585625
2022-05-04,0.0004373900,0.0019931607,0.0059352313,0.0170438614,0.0000091667,-0.0014659201,5.0093000000,0.0283544665
2022-05-05,0.0004727900,-0.0037111507,-0.0030766200,-0.0280546896,0.0000091667,-0.0008292815,5.0051000000,-0.0363509621
2022-05-06,0.0004727900,-0.0023420287,-0.0019999597,-0.0016092427,0.0000230556,0.0139891325,5.0750000000,0.0083623031
2022-05-09,0.0004727900,0.0019103603,0.0005301927,-0.0179266166,0.0000691683,0.0116955881,5.1340000000,-0.0207089920
2022-05-10,0.0004727900,0.0019803608,-0.0024540677,-0.0013567068,0.0000230556,0.0009969775,5.1390000000,0.0034395578
2022-05-11,0.0004727900,-0.0015176609,0.0014101737,0.0124814349,0.0000230556,-0.0028180296,5.1244000000,-0.0192208373
2022-05-12,0.0004727900,-0.0006649817,0.0033030596,0.0123637771,0.0000230556,0.0046676088,5.1482000000,0.0037011317
2022-05-13,0.0004727900,0.0004590763,0.0035924053,0.0116999490,0.0000230556,-0.0078828025,5.1075000000,0.0158874548
2022-05-16,0.0004727900,0.0024430641,0.0050675610,0.0122382047,0.0000691683,-0.0079392172,5.0666000000,-0.0118720811
2022-05-17,0.0004727900,0.0010221013,-0.0008380360,0.0051425290,0.0000230556,-0.0195171257,4.9676000000,0.0002888242
2022-05-18,0.0004727900,0.0007140217,-0.0002663722,-0.0233679167,0.0000230556,-0.0016679408,4.9592000000,-0.0417876042
2022-05-19,0.0004727900,0.0025243937,0.0000519190,0.0071349679,0.0000230556,-0.0079219574,4.9198000000,-0.0136260096
2022-05-20,0.0004727900,0.0019157771,0.0005432783,0.0138559596,0.0000230556,-0.0085344002,4.8777000000,-0.0083956554
2022-05-23,0.0004727900,0.0012300187,-0.0003757864,0.0171257840,0.0000691683,-0.0164151504,4.7973000000,0.0018849982
2022-05-24,0.0004727900,-0.0028738593,-0.0048202285,0.0021293965,0.0000230556,0.0027955123,4.8106000000,-0.0053567025
2022-05-25,0.0004727900,-0.0001853218,0.0011518470,-0.0000088623,0.0000230556,0.0052823960,4.8359000000,0.0147758205
2022-05-26,0.0004727900,0.0028012207,0.0026627134,0.0118472803,0.0000230556,-0.0080831716,4.7967000000,0.0116523135
2022-05-27,0.0004727900,0.0003285666,-0.0007324196,0.0004629552,0.0000230556,-0.0110890067,4.7434000000,0.0135303969
2022-05-30,0.0004727900,-0.0031600950,-0.0040089367,-0.0081253917,0.0000691683,-0.0045270091,4.7216000000,-0.0045958595
2022-05-31,0.0004727900,0.0021250804,0.0046378292,0.0028676389,0.0000230556,0.0015691773,4.7289000000,-0.0046492940
2022-06-01,0.0004727900,-0.0011242116,-0.0008881202,0.0000846875,0.0000230556,0.0100890535,4.7765000000,0.0026090445
2022-06-02,0.0004727900,-0.0006273154,0.0001588958,0.0092759569,0.0000230556,0.0024097954,4.7879000000,0.0210359443
2022-06-03,0.0004727900,0.0011378759,0.0020566469,-0.0114828418,0.0000230556,0.0016313134,4.7956000000,-0.0146941578
2022-06-06,0.0004727900,-0.0000966140,0.0003470366,-0.0082483426,0.0000691683,-0.0023707369,4.7839000000,0.0006982881
2022-06-07,0.0004727900,-0.0018228110,-0.0032009876,-0.0010541275,0.0000230556,0.0223902595,4.8909000000,0.0321316164
2022-06-08,0.0004727900,0.0004978663,0.0008404449,-0.0154637386,0.0000230556,-0.0040253724,4.8711000000,-0.0147624222
2022-06-09,0.0004727900,0.0028238486,0.0013070128,-0.0117559047,0.0000230556,0.0049501877,4.8951000000,-0.0188913936
2022-06-10,0.0004727900,0.0003808968,0.0004802091,-0.0150567200,0.0000230556,0.0181027762,4.9836000000,-0.0115265069
2022-06-13,0.0004727900,-0.0031199032,-0.0028737603,-0.0273323510,0.0000691683,0.0240896112,5.1033000000,-0.0156755826
2022-06-14,0.0004727900,-0.0038503619,-0.0017549785,-0.0052138352,0.0000230556,0.0033543102,5.1203000000,-0.0001048227
2022-06-15,0.0004727900,0.0046440009,0.0075967679,0.0072853843,0.0000230556,-0.0016175111,5.1119000000,0.0129587247
2022-06-17,0.0004903700,0.0032995694,0.0018698300,-0.0290046905,0.0000669455,0.0038622659,5.1313000000,-0.0265787381
2022-06-20,0.0004903700,0.0011054958,-0.0029205205,0.0002777863,0.0001316724,0.0065246565,5.1641000000,0.0063921423
2022-06-21,0.0004903700,0.0003084943,-0.0029584848,-0.0016841813,0.0000438889,-0.0034225013,5.1462000000,0.0209826982
2022-06-22,0.0004903700,0.0022019149,-0.0000311379,-0.0016269330,0.0000438889,0.0009572242,5.1509000000,-0.0003739170
2022-06-23,0.0004903700,0.0014478772,0.0019693839,-0.0144890111,0.0000438889,0.0063343278,5.1833000000,0.0159274686
2022-06-24,0.0004903700,-0.0031015813,-0.0018430026,0.0060350525,0.0000438889,0.0097099701,5.2334000000,0.0405427759
2022-06-27,0.0004903700,-0.0001036433,-0.0009345707,0.0211948120,0.0001316724,-0.0021615939,5.2214000000,-0.0052289178
2022-06-28,0.0004903700,-0.0035486553,-0.0048053765,-0.0017088512,0.0000438889,-0.0006264588,5.2179000000,-0.0208015421
2022-06-29,0.0004903700,0.0007796095,-0.0007080031,-0.0096412805,0.0000438889,0.0017496308,5.2268000000,0.0011047102
2022-06-30,0.0004903700,0.0024957322,0.0027220492,-0.0108373106,0.0000438889,0.0021867854,5.2380000000,-0.0064694865
2022-07-01,0.0004903700,0.0014954016,-0.0022959390,0.0041804531,0.0000438889,0.0145920646,5.3142000000,0.0252674266
2022-07-04,0.0004903700,-0.0009189593,-0.0020490658,-0.0034878868,0.0001316724,-0.0018256061,5.3038000000,-0.0019570208
2022-07-05,0.0004903700,-0.0010189209,-0.0020425175,-0.0031855182,0.0000438889,0.0162782452,5.3899000000,0.0180276137
2022-07-06,0.0004903700,-0.0000360376,-0.0024268882,0.0043170207,0.0000438889,0.0078736913,5.4321000000,0.0114487101
2022-07-07,0.0004903700,0.0016397253,-0.0002683186,0.0203683223,0.0000438889,-0.0124932494,5.3640000000,0.0023558379
2022-07-08,0.0004903700,-0.0012896572,-0.0060466895,-0.0043758684,0.0000438889,-0.0102846777,5.3086000000,-0.0110712355
2022-07-11,0.0004903700,-0.0030684353,-0.0031410010,-0.0207049750,0.0001316724,0.0074980493,5.3477000000,-0.0042301484
2022-07-12,0.0004903700,0.0030423655,0.0016087412,0.0005981929,0.0000438889,0.0120682773,5.4120000000,0.0026874712
2022-07-13,0.0004903700,0.0000750109,0.0020785573,-0.0039691177,0.0000438889,-0.0023213295,5.3992000000,-0.0067921444
2022-07-14,0.0004903700,-0.0008426765,0.0018278176,-0.0179841555,0.0000438889,0.0107126043,5.4568000000,0.0077677741
2022-07-15,0.0004903700,0.0016901686,0.0038952304,0.0044750957,0.0000438889,-0.0101090270,5.4014000000,0.0088554163
2022-07-18,0.0004903700,-0.0028368902,-0.0075059744,0.0037817319,0.0001316724,-0.0061453046,5.3675000000,-0.0145875169
2022-07-19,0.0004903700,-0.0010058351,-0.0033326279,0.0137094826,0.0000438889,0.0043104944,5.3904000000,0.0320547996
2022-07-20,0.0004903700,0.0019232464,0.0035345524,0.0004278089,0.0000438889,0.0071679771,5.4288000000,0.0130770198
2022-07-21,0.0004903700,-0.0010431062,-0.0000170261,0.0075934894,0.0000438889,0.0085544304,5.4750000000,0.0185466121
2022-07-22,0.0004903700,0.0030627559,0.0022833469,-0.0010940779,0.0000438889,-0.0041206774,5.4522000000,-0.0134467541
2022-07-25,0.0004903700,0.0017914499,-0.0006823911,0.0135964867,0.0001316724,-0.0068022216,5.4144000000,-0.0056269805
2022-07-26,0.0004903700,0.0002890631,-0.0028612340,-0.0049681933,0.0000438889,-0.0098560728,5.3608000000,-0.0213195660
2022-07-27,0.0004903700,0.0022391955,0.0019057082,0.0167008297,0.0000438889,-0.0099177481,5.3074000000,0.0159457747
2022-07-28,0.0004903700,0.0033859561,0.0034432079,0.0114227455,0.0000438889,-0.0173853721,5.2149000000,-0.0053852923
2022-07-29,0.0004903700,0.0028669261,0.0033872546,0.0055365350,0.0000647222,-0.0050171998,5.1884000000,0.0091615145
2022-08-01,0.0004903700,0.0020963420,0.0004694329,-0.0091078643,0.0001933458,-0.0051657967,5.1606000000,-0.0081595906
2022-08-02,0.0004903700,-0.0012704814,-0.0024914843,0.0111187979,0.0000647222,0.0140756278,5.2329000000,0.0072591492
2022-08-03,0.0004903700,0.0020884484,0.0024710168,0.0039954838,0.0000647222,0.0099451606,5.2846000000,0.0256879455
2022-08-04,0.0005078800,0.0053802100,0.0123902500,0.0204051701,0.0000647222,-0.0082051238,5.2409000000,-0.0089524236
2022-08-05,0.0005078800,0.0012953260,0.0024080310,0.0054744343,0.0000647222,-0.0045912680,5.2165000000,-0.0061469085
2022-08-08,0.0005078800,0.0042424647,0.0051373538,0.0181301323,0.0001941792,-0.0174072443,5.1247000000,-0.0187962927
2022-08-09,0.0005078800,-0.0007575824,-0.0036515863,0.0022949704,0.0000647222,-0.0003841136,5.1224000000,-0.0046327350
2022-08-10,0.0005078800,0.0009239746,0.0000113658,0.0145853169,0.0000647222,-0.0141287623,5.0497000000,0.0068394251
2022-08-11,0.0005078800,-0.0002022799,-0.0028026304,-0.0046973868,0.0000647222,0.0125415184,5.1127000000,0.0120347295
2022-08-12,0.0005078800,0.0028123179,0.0063286663,0.0277650127,0.0000647222,-0.0019695597,5.1023000000,0.0153820631
2022-08-15,0.0005078800,0.0024641450,0.0055430596,0.0023741565,0.0001941792,-0.0017268962,5.0925000000,0.0020719940
2022-08-16,0.0005078800,0.0003160809,-0.0056178295,0.0042501246,0.0000647222,0.0082144887,5.1340000000,0.0100911526
2022-08-17,0.0005078800,-0.0017618461,-0.0012547867,0.0017212219,0.0000647222,0.0087135095,5.1784000000,0.0015295589
2022-08-18,0.0005078800,-0.0011589401,-0.0000949810,0.0009243872,0.0000647222,-0.0001477124,5.1773000000,0.0022086695
2022-08-19,0.0005078800,-0.0014402084,-0.0021329600,-0.0203549915,0.0000647222,0.0036961936,5.1961000000,-0.0092851814
2022-08-22,0.0005078800,0.0004882182,-0.0020536933,-0.0089301690,0.0001941792,-0.0046565537,5.1709000000,-0.0260431694
2022-08-23,0.0005078800,0.0030108784,0.0043349761,0.0213263231,0.0000647222,-0.0130673040,5.1030000000,-0.0153261613
2022-08-24,0.0005078800,-0.0004970725,-0.0009494798,0.0003609875,0.0000647222,0.0004566739,5.1050000000,0.0033294205
2022-08-25,0.0005078800,-0.0017571242,-0.0048270391,0.0056146335,0.0000647222,0.0024742807,5.1173000000,0.0165584355
2022-08-26,0.0005078800,0.0020564260,0.0013639363,-0.0108591678,0.0000647222,-0.0052118391,5.0903000000,-0.0387592428
2022-08-29,0.0005078800,-0.0008783038,-0.0048094934,0.0002160307,0.0001941792,-0.0091391063,5.0428000000,-0.0158886786
2022-08-30,0.0005078800,0.0009381720,0.0005877713,-0.0168485348,0.0000647222,0.0038128826,5.0617000000,-0.0072411813
2022-08-31,0.0005078800,0.0019971137,0.0008286548,-0.0082201824,0.0000647222,0.0232402545,5.1790000000,0.0153814254
2022-09-01,0.0005078800,0.0029030510,0.0067187957,0.0080569466,0.0000647222,0.0042549915,5.2007000000,0.0073724516
2022-09-02,0.0005078800,0.0013803985,0.0018229887,0.0041568657,0.0000647222,-0.0024158736,5.1878000000,-0.0131123038
2022-09-05,0.0005078800,0.0008693916,-0.0010242902,0.0120788272,0.0001941792,-0.0035075302,5.1686000000,-0.0037009908
2022-09-06,0.0005078800,-0.0024720194,-0.0040030674,-0.0217424881,0.0000647222,0.0105517996,5.2228000000,0.0064001597
2022-09-08,0.0005078800,0.0028634682,0.0034103577,0.0013836077,0.0001294486,-0.0012684500,5.2155000000,0.0237935018
2022-09-09,0.0005078800,0.0022639663,0.0002788407,0.0216963664,0.0000647222,-0.0099445537,5.1633000000,0.0051970984
2022-09-12,0.0005078800,-0.0002865456,-0.0024557774,0.0098498305,0.0001941792,-0.0085228696,5.1183000000,0.0017750064
2022-09-13,0.0005078800,-0.0023389531,-0.0020831897,-0.0230373819,0.0000647222,0.0120030522,5.1794000000,-0.0317870994
2022-09-14,0.0005078800,-0.0000408752,-0.0000515437,-0.0022319809,0.0000647222,-0.0003214479,5.1774000000,0.0032730710
2022-09-15,0.0005078800,-0.0015044281,-0.0028143838,-0.0053644311,0.0000647222,0.0085057985,5.2211000000,-0.0028710219
2022-09-16,0.0005078800,0.0011177842,0.0032172775,-0.0061233074,0.0000647222,0.0129172519,5.2882000000,0.0055939441
2022-09-19,0.0005078800,0.0016452403,0.0030742735,0.0232751774,0.0001941792,-0.0095463753,5.2367000000,-0.0029377676
2022-09-20,0.0005078800,0.0005990239,0.0011839099,0.0061974235,0.0000647222,-0.0125776450,5.1705000000,-0.0237613411
2022-09-21,0.0005078800,0.0032010446,0.0024560533,-0.0051641127,0.0000647222,-0.0001867204,5.1692000000,-0.0172979332
2022-09-22,0.0005078800,0.0036249840,0.0053536334,0.0190700281,0.0000647222,-0.0002254769,5.1677000000,-0.0086691212
2022-09-23,0.0005078800,-0.0016102816,-0.0030735757,-0.0206405724,0.0000855556,0.0113100775,5.2257000000,-0.0061790662
2022-09-26,0.0005078800,-0.0027534826,-0.0042558033,-0.0232897705,0.0002566886,0.0249678543,5.3548000000,0.0141107527
2022-09-27,0.0005078800,0.0029591121,0.0018763287,-0.0067618172,0.0000855556,-0.0006615017,5.3508000000,-0.0028027802
2022-09-28,0.0005078800,-0.0017727506,-0.0022698778,0.0006906488,0.0000855556,0.0016929294,5.3594000000,0.0213699623
2022-09-29,0.0005078800,0.0009542685,0.0018290132,-0.0072553370,0.0000855556,0.0060942048,5.3916000000,-0.0151032923
2022-09-30,0.0005078800,0.0023036284,0.0056029561,0.0220355206,0.0000855556,0.0028678991,5.4066000000,-0.0122808858
2022-10-03,0.0005078800,0.0028370712,0.0018406112,0.0554148299,0.0002566886,-0.0379286738,5.2002000000,-0.0132720682
2022-10-04,0.0005078800,0.0009462753,-0.0000298135,0.0008237004,0.0000855556,-0.0112803643,5.1411000000,0.0189595315
2022-10-05,0.0005078800,-0.0003609381,0.0007656254,0.0083257249,0.0000855556,0.0143444245,5.2144000000,0.0123096891
2022-10-06,0.0005078800,-0.0000104060,-0.0015261371,0.0030974126,0.0000855556,-0.0025036503,5.2009000000,-0.0125558723
2022-10-07,0.0005078800,0.0003184143,-0.0016281922,-0.0100848216,0.0000855556,0.0041621219,5.2221000000,-0.0240086372
2022-10-10,0.0005078800,0.0011894146,-0.0006810976,-0.0037345570,0.0002566886,-0.0051065153,5.1941000000,-0.0128150701
2022-10-11,0.0005078800,-0.0018413505,-0.0008995763,-0.0096042251,0.0000855556,0.0025308467,5.2068000000,-0.0040729995
2022-10-13,0.0005078800,-0.0000323856,0.0005074347,-0.0045897694,0.0001711184,0.0184004030,5.3017000000,0.0413904349
2022-10-14,0.0005078800,-0.0005723630,-0.0001992857,-0.0194903609,0.0000855556,-0.0035550977,5.2824000000,-0.0271797315
2022-10-17,0.0005078800,0.0022370199,0.0024534629,0.0138449862,0.0002566886,-0.0018451683,5.2713000000,0.0243247228
2022-10-18,0.0005078800,0.0009797491,0.0010994058,0.0186500244,0.0000855556,-0.0002180009,5.2697000000,0.0111417672
2022-10-19,0.0005078800,-0.0005883502,0.0005108121,0.0045892164,0.0000855556,0.0021921175,5.2808000000,-0.0045826385
2022-10-20,0.0005078800,0.0001179792,0.0007938590,0.0077134024,0.0000855556,-0.0118833520,5.2176000000,-0.0197123718
2022-10-21,0.0005078800,0.0009726675,0.0025032164,0.0235354944,0.0000855556,-0.0048405022,5.1919000000,0.0187017726
2022-10-24,0.0005078800,-0.0015996783,-0.0024649845,-0.0326534604,0.0002566886,0.0161509040,5.2744000000,0.0279607877
2022-10-25,0.0005078800,0.0003313120,0.0000211892,-0.0119565358,0.0000855556,0.0066650658,5.3091000000,0.0229587375
2022-10-26,0.0005078800,-0.0007901313,-0.0016547638,-0.0162424464,0.0000855556,0.0030429953,5.3248000000,-0.0044394514
2022-10-27,0.0005078800,0.0020669578,0.0025361667,0.0166451482,0.0000855556,-0.0045159499,5.3003000000,-0.0106374536
2022-10-28,0.0005078800,0.0006941493,0.0014909337,-0.0008872063,0.0000855556,0.0085952359,5.3454000000,0.0334448464
2022-10-31,0.0005078800,0.0023498179,0.0068557515,0.0130787710,0.0002566886,-0.0162851401,5.2570000000,-0.0238314997
2022-11-01,0.0005078800,0.0007630540,-0.0000733039,0.0076835784,0.0000855556,-0.0202699998,5.1500000000,-0.0243624164
2022-11-03,0.0005078800,-0.0005491145,-0.0019474388,-0.0002762368,0.0001711184,-0.0027614221,5.1349000000,-0.0380221965
2022-11-04,0.0005078800,0.0012350478,-0.0003480063,0.0107710796,0.0001063889,-0.0191560158,5.0360000000,-0.0056949440
2022-11-07,0.0005078800,-0.0025568940,-0.0050608066,-0.0238081253,0.0003192006,0.0107673321,5.0886000000,0.0201804176
2022-11-08,0.0005078800,-0.0009693931,0.0005498901,0.0070914945,0.0001063889,0.0169694019,5.1744000000,0.0225623183
2022-11-09,0.0005078800,0.0000913134,-0.0008497865,-0.0222129152,0.0001063889,-0.0021163275,5.1629000000,-0.0227434052
2022-11-10,0.0005078800,-0.0131850612,-0.0146991869,-0.0334973321,0.0001063889,0.0279038025,5.3064000000,0.0848493956
2022-11-11,0.0005078800,-0.0026793823,-0.0003280105,0.0225736244,0.0001063889,-0.0001386244,5.3051000000,0.0089929686
2022-11-14,0.0005078800,0.0052919980,0.0083450344,0.0080869646,0.0003192006,-0.0003973199,5.3013000000,-0.0094211555
2022-11-16,0.0005078800,-0.0039592992,-0.0057018867,-0.0257857635,0.0002127891,0.0038164456,5.3204000000,0.0043000311
2022-11-17,0.0005078800,-0.0020583254,0.0002552812,-0.0049032445,0.0001063889,0.0273816759,5.4655000000,0.0243113623
2022-11-18,0.0005078800,-0.0018385030,-0.0037007547,-0.0075896892,0.0001063889,-0.0214492844,5.3477000000,-0.0168680840
2022-11-21,0.0005078800,0.0028380733,0.0017296557,0.0080647435,0.0003192006,-0.0037586195,5.3259000000,-0.0078314614
2022-11-22,0.0005078800,-0.0019152453,-0.0052331830,-0.0064842989,0.0001063889,0.0016086422,5.3339000000,0.0151282077
2022-11-23,0.0005078800,-0.0035270108,-0.0038427867,-0.0017919681,0.0001063889,0.0111876404,5.3930000000,0.0171134250
2022-11-24,0.0005078800,0.0050530301,0.0062514220,0.0274713194,0.0001063889,-0.0143768874,5.3149000000,-0.0144817356
2022-11-25,0.0005078800,-0.0022499393,-0.0052261343,-0.0255247285,0.0001063889,0.0068617031,5.3508000000,0.0064982704
2022-11-28,0.0005078800,0.0032231217,0.0034721028,-0.0017852440,0.0003192006,0.0057032914,5.3796000000,-0.0101374672
2022-11-29,0.0005078800,0.0074970988,0.0114113899,0.0195570689,0.0001063889,-0.0132789297,5.3076000000,-0.0148682761
2022-11-30,0.0005078800,0.0030911835,0.0073719960,0.0142133761,0.0001063889,-0.0024374042,5.2941000000,0.0285976935
2022-12-01,0.0005078800,-0.0008059944,-0.0029081562,-0.0138720362,0.0001063889,-0.0186523358,5.1948000000,-0.0194464715
2022-12-02,0.0005078800,0.0038921321,0.0027280422,0.0089999964,0.0001063889,0.0006069426,5.1974000000,-0.0006151535
2022-12-05,0.0005078800,-0.0024007404,-0.0053807623,-0.0225378076,0.0003192006,0.0097500008,5.2464000000,-0.0086218650
2022-12-06,0.0005078800,-0.0005634841,-0.0041134948,0.0071951541,0.0001063889,-0.0011898759,5.2396000000,-0.0156392281
2022-12-07,0.0005078800,0.0021336934,0.0015798146,-0.0101645751,0.0001063889,-0.0034820530,5.2208000000,-0.0054204250
2022-12-08,0.0005078800,-0.0001895629,-0.0011656491,-0.0166822608,0.0001063889,-0.0021348854,5.2091000000,0.0054074951
2022-12-09,0.0005078800,0.0001535744,-0.0027493261,0.0025223536,0.0001063889,0.0059621499,5.2396000000,-0.0014962546
2022-12-12,0.0005078800,-0.0031341797,-0.0056664507,-0.0202403172,0.0003192006,0.0131105180,5.3066000000,0.0272551754
2022-12-13,0.0005078800,-0.0024122412,-0.0026273834,-0.0171217295,0.0001063889,-0.0073756568,5.2669000000,-0.0002067107
2022-12-14,0.0005078800,-0.0019994731,-0.0004154235,0.0019905414,0.0001063889,0.0141009285,5.3406000000,0.0080506991
2022-12-15,0.0005078800,0.0038452493,0.0017616412,-0.0000778827,0.0001063889,-0.0040696161,5.3183000000,-0.0289225412
2022-12-16,0.0005078800,-0.0017406486,-0.0034615422,-0.0085021172,0.0001202778,-0.0069693062,5.2806000000,-0.0180731320
2022-12-19,0.0005078800,0.0010702627,-0.0008388734,0.0183174097,0.0003608767,0.0070670796,5.3160000000,-0.0022978611
2022-12-20,0.0005078800,0.0049467273,0.0048241320,0.0202822711,0.0001202778,-0.0136699435,5.2427000000,-0.0127292516
2022-12-21,0.0005078800,0.0016554196,-0.0004365787,0.0053247999,0.0001202778,-0.0074339906,5.2031000000,0.0073437688
2022-12-22,0.0005078800,0.0022913049,0.0029850482,0.0011018946,0.0001202778,-0.0029551819,5.1871000000,-0.0174837556
2022-12-23,0.0005078800,0.0026389623,0.0048498820,0.0199536929,0.0001202778,-0.0080933915,5.1445000000,-0.0023648544
2022-12-26,0.0005078800,-0.0006234357,0.0004326257,-0.0087496924,0.0003608767,0.0086639984,5.1872000000,0.0083001263
2022-12-27,0.0005078800,0.0004080388,0.0011560326,-0.0014672917,0.0001202778,0.0186295982,5.2832000000,0.0144651922
2022-12-28,0.0005078800,0.0036181651,0.0064952346,0.0152747973,0.0001202778,-0.0016970213,5.2736000000,-0.0138069239
2022-12-29,0.0005078800,0.0014430810,0.0006842951,-0.0045548348,0.0001202778,-0.0104809668,5.2177000000,0.0068065309
2022-12-30,0.0005078800,0.0004937196,0.0004335069,0.0000000000,0.0001202778,0.0001202778,5.2177000000,-0.0024809840
2023-01-02,0.0005078800,-0.0028632272,-0.0067451082,-0.0306063903,0.0003608767,0.0244989902,5.3436000000,0.0241294057
2023-01-03,0.0005078800,-0.0033003411,-0.0055977218,-0.0207779911,0.0001202778,0.0061656189,5.3759000000,0.0020563668
2023-01-04,0.0005078800,-0.0019203559,-0.0024539837,0.0112198118,0.0001202778,0.0131429195,5.4459000000,0.0207092707
2023-01-05,0.0005078800,0.0038998834,0.0028312602,0.0219003354,0.0001202778,-0.0078316141,5.4026000000,-0.0193455596
2023-01-06,0.0005078800,0.0038541668,0.0040246169,0.0122850593,0.0001202778,-0.0215570784,5.2855000000,0.0006889691
2023-01-09,0.0005078800,0.0020079201,0.0004750966,0.0015222501,0.0003608767,0.0024806463,5.2967000000,0.0015381615
2023-01-10,0.0005078800,0.0025320719,0.0063926937,0.0154599711,0.0001202778,-0.0106801980,5.2395000000,-0.0038958342
2023-01-11,0.0005078800,0.0029816767,0.0070420384,0.0153439856,0.0001202778,-0.0070377546,5.2020000000,0.0056223656
2023-01-12,0.0005078800,0.0032219016,0.0027198686,-0.0059267446,0.0001202778,-0.0117996486,5.1400000000,-0.0084259987
2023-01-13,0.0005078800,-0.0004033197,-0.0002556373,-0.0083517046,0.0001202778,-0.0048219508,5.1146000000,-0.0009281489
2023-01-16,0.0005078800,-0.0036054045,-0.0044718737,-0.0153577371,0.0003608767,-0.0002454500,5.1115000000,-0.0006061080
2023-01-17,0.0005078800,0.0024222572,0.0027841225,0.0203864644,0.0001202778,0.0018420930,5.1203000000,-0.0003104365
2023-01-18,0.0005078800,-0.0002428893,-0.0008081070,0.0070825218,0.0001202778,-0.0056222639,5.0909000000,-0.0212143983
2023-01-19,0.0005078800,-0.0008299181,0.0009774645,0.0061792742,0.0001202778,0.0243821675,5.2144000000,0.0165638742
2023-01-20,0.0005078800,-0.0028719585,-0.0062224565,-0.0078039792,0.0001202778,-0.0029101572,5.1986000000,0.0158518675
2023-01-23,0.0005078800,-0.0011602044,-0.0032513035,-0.0027075890,0.0003608767,-0.0008706682,5.1922000000,0.0106364414
2023-01-24,0.0005078800,0.0022484733,0.0044832121,0.0115527244,0.0001202778,-0.0042329286,5.1696000000,-0.0050382327
2023-01-25,0.0005078800,0.0025512441,0.0010456332,0.0109877053,0.0001202778,-0.0125321259,5.1042000000,-0.0128203817
2023-01-26,0.0005078800,-0.0002990536,-0.0020630811,-0.0008096608,0.0001202778,-0.0016627822,5.0951000000,0.0092773642
2023-01-27,0.0005078800,-0.0019106706,-0.0024442494,-0.0163025919,0.0001202778,-0.0034914694,5.0767000000,-0.0011077543
2023-01-30,0.0005078800,0.0003735592,0.0007549480,-0.0003841834,0.0003608767,0.0041442259,5.0959000000,-0.0091417805
2023-01-31,0.0005078800,0.0017150219,0.0009324841,0.0103099578,0.0001202778,0.0007875611,5.0993000000,0.0153391261
2023-02-01,0.0005078800,-0.0012031163,0.0007825004,-0.0119631803,0.0001202778,-0.0052144293,5.0721000000,0.0050670430
2023-02-02,0.0005078800,0.0007767454,-0.0009513587,-0.0172467991,0.0001202778,-0.0160485404,4.9901000000,-0.0016515105
2023-02-03,0.0005078800,-0.0037529777,-0.0047566178,-0.0146827729,0.0001272222,0.0227548977,5.1030000000,0.0120822616
2023-02-06,0.0005078800,0.0008280849,0.0043277965,0.0018255037,0.0003817152,0.0147512978,5.1763000000,0.0082034885
2023-02-07,0.0005078800,0.0012058486,0.0013969492,-0.0082030633,0.0001272222,-0.0011866246,5.1695000000,0.0115599177
2023-02-08,0.0005078800,0.0035409388,0.0042891139,0.0196769481,0.0001272222,0.0067244441,5.2036000000,-0.0045261667
2023-02-09,0.0005078800,-0.0012377956,-0.0023985910,-0.0176754312,0.0001272222,0.0054895770,5.2315000000,-0.0033630421
2023-02-10,0.0005078800,0.0006553383,0.0021960960,0.0006501367,0.0001269444,0.0041607165,5.2526000000,0.0064425487
2023-02-13,0.0005078800,-0.0001620793,0.0002462388,0.0070152862,0.0003817152,-0.0127977416,5.1834000000,-0.0017246562
2023-02-14,0.0005078800,0.0009472259,0.0024149105,-0.0090747155,0.0001272222,-0.0061821809,5.1507000000,-0.0064661914
2023-02-15,0.0005078800,0.0045951151,0.0078111337,0.0162387513,0.0001272222,0.0144183600,5.2243000000,0.0173575890
2023-02-16,0.0005078800,-0.0003837701,0.0012976402,0.0031142296,0.0001272222,0.0037453920,5.2432000000,-0.0101299968
2023-02-17,0.0005078800,0.0021285362,0.0033329564,-0.0069540645,0.0001272222,-0.0078841722,5.2012000000,-0.0105710815
2023-02-22,0.0005078800,-0.0008815066,-0.0036260472,-0.0185466855,0.0006362730,-0.0047890025,5.1730000000,-0.0268637244
2023-02-23,0.0005078800,0.0005389122,-0.0012442114,0.0041139670,0.0001272222,-0.0076062185,5.1330000000,-0.0023620823
2023-02-24,0.0005078800,-0.0020585472,-0.0025576627,-0.0166780568,0.0001272222,0.0091094675,5.1791000000,-0.0016073712
2023-02-27,0.0005078800,0.0038291119,0.0030977327,-0.0008259102,0.0003817152,0.0036460760,5.1960000000,0.0064701830
2023-02-28,0.0005078800,-0.0007413549,-0.0028270807,-0.0073702796,0.0001269444,0.0023982104,5.2078000000,-0.0006705143
2023-03-01,0.0005078800,-0.0005676655,-0.0004223329,-0.0052153811,0.0001269444,-0.0000266908,5.2070000000,-0.0048169244
2023-03-02,0.0005078800,-0.0015183878,-0.0029164640,-0.0101457427,0.0001272222,0.0003192958,5.2080000000,0.0079302727
2023-03-03,0.0005078800,0.0001187331,0.0005782927,0.0052298748,0.0001269444,-0.0006988132,5.2037000000,0.0153926999
2023-03-06,0.0005078800,0.0020745744,0.0015695663,0.0080327545,0.0003808817,-0.0009071541,5.1970000000,-0.0005630880
2023-03-07,0.0005078800,0.0020163385,0.0027005991,-0.0045118296,0.0001269444,-0.0012009131,5.1901000000,-0.0166070101
2023-03-08,0.0005078800,0.0033890647,0.0032378037,0.0221858959,0.0001269444,-0.0097777828,5.1387000000,-0.0084167339
2023-03-09,0.0005078800,0.0038028065,0.0053074795,-0.0137894273,0.0001269444,-0.0005347855,5.1353000000,-0.0189466045
2023-03-10,0.0005078800,-0.0014333473,-0.0011064296,-0.0138286242,0.0001269444,0.0092609685,5.1822000000,-0.0053999500
2023-03-13,0.0005078800,0.0035309183,0.0036140782,-0.0047949105,0.0003808817,0.0115386940,5.2400000000,0.0096515932
2023-03-14,0.0005078800,-0.0010740848,-0.0021122722,-0.0018325980,0.0001272222,-0.0005980609,5.2362000000,0.0159795265
2023-03-15,0.0005078800,0.0017480475,0.0018391878,-0.0024961047,0.0001272222,0.0119502762,5.2981000000,0.0047936362
2023-03-16,0.0005078800,-0.0008325402,0.0020285844,0.0073942700,0.0001272222,-0.0015528390,5.2892000000,0.0160010981
2023-03-17,0.0005078800,0.0021215060,0.0024767987,-0.0140487724,0.0001272222,-0.0039003641,5.2679000000,-0.0149790562
2023-03-20,0.0005078800,0.0006263992,0.0005558155,-0.0103807033,0.0003817152,-0.0036441950,5.2467000000,0.0048672356
2023-03-21,0.0005078800,0.0003310494,-0.0005314937,0.0007455197,0.0001272222,-0.0003112043,5.2444000000,0.0126127411
2023-03-22,0.0005078800,0.0016697983,0.0028657796,-0.0076981623,0.0001272222,0.0040175806,5.2648000000,-0.0125623104
2023-03-23,0.0005078800,-0.0008386640,-0.0000105876,-0.0228923925,0.0001272222,-0.0001767216,5.2632000000,0.0027652258
2023-03-24,0.0005078800,0.0023826102,0.0039647232,0.0092205019,0.0001341667,0.0056258594,5.2921000000,0.0111673173
2023-03-27,0.0005078800,0.0019035999,0.0021681340,0.0085116484,0.0004025540,-0.0112232197,5.2306000000,-0.0099931048
2023-03-28,0.0005078800,-0.0003980312,-0.0012473112,0.0151962763,0.0001341667,-0.0108220693,5.1733000000,-0.0124881714
2023-03-29,0.0005078800,-0.0013654020,-0.0004821966,0.0060031572,0.0001341667,-0.0045056609,5.1493000000,0.0095324424
2023-03-30,0.0005078800,0.0033758775,0.0030177430,0.0188710330,0.0001341667,-0.0045078636,5.1254000000,0.0011826595
2023-03-31,0.0005078800,0.0002096900,-0.0007423179,-0.0176568227,0.0001341667,-0.0086468138,5.0804000000,0.0055674226
2023-04-03,0.0005078800,0.0009593121,0.0020886951,-0.0036907330,0.0004025540,-0.0028859120,5.0637000000,0.0004010144
2023-04-04,0.0005078800,0.0009365997,0.0019210463,0.0035787969,0.0001341667,0.0026030485,5.0762000000,-0.0032517844
2023-04-05,0.0005078800,0.0013803025,0.0013773085,-0.0087523787,0.0001341667,-0.0060720952,5.0447000000,-0.0085581460
2023-04-06,0.0005078800,-0.0007145264,-0.0015162692,-0.0015460816,0.0001341667,0.0048129714,5.0683000000,0.0084845154
2023-04-10,0.0005078800,0.0007185006,-0.0011226410,0.0101655665,0.0005367747,0.0035176766,5.0834000000,0.0040010386
2023-04-11,0.0005078800,0.0039906947,0.0047281852,0.0428793724,0.0001341667,-0.0137560391,5.0128000000,-0.0139287079
2023-04-12,0.0005078800,0.0002669367,0.0013693666,0.0063640530,0.0001341667,-0.0124752491,4.9496000000,-0.0166698887
2023-04-13,0.0005078800,0.0015128177,0.0047483887,-0.0040402392,0.0001341667,-0.0079281724,4.9097000000,0.0052512586
2023-04-14,0.0005078800,-0.0009469181,0.0008094728,-0.0016765321,0.0001341667,0.0074268329,4.9455000000,0.0052102933
2023-04-17,0.0005078800,0.0005032774,0.0012438413,-0.0024811965,0.0004025540,-0.0002852164,4.9421000000,0.0026351577
2023-04-18,0.0005078800,-0.0007876561,-0.0012984273,0.0013918697,0.0001341667,0.0053350829,4.9678000000,0.0060587395
2023-04-19,0.0005078800,-0.0026802515,-0.0036290526,-0.0211965103,0.0001341667,0.0160185794,5.0467000000,0.0157966195
2023-04-20,0.0005078800,0.0025250437,0.0033842456,0.0043678872,0.0001341667,0.0007286943,5.0497000000,-0.0052536788
2023-04-24,0.0005078800,0.0015692988,0.0017110335,-0.0040265671,0.0005367747,0.0024785258,5.0595000000,0.0037175817
2023-04-25,0.0005078800,0.0019239359,0.0027023959,-0.0069890707,0.0001341667,0.0004899808,5.0613000000,-0.0154187574
2023-04-26,0.0005078800,0.0007988491,0.0019970657,-0.0087966403,0.0001341667,-0.0004191251,5.0585000000,-0.0043870004
2023-04-27,0.0005078800,0.0006208882,0.0014058874,0.0059739757,0.0001341667,-0.0084663743,5.0150000000,0.0108229178
2023-04-28,0.0005078800,-0.0016198347,-0.0018644643,0.0146547949,0.0001341667,-0.0027176616,5.0007000000,0.0054856042
2023-05-02,0.0005078800,0.0011455251,-0.0004652548,-0.0239839213,0.0005367747,0.0070793692,5.0334000000,-0.0054965226
2023-05-03,0.0005078800,0.0023778252,0.0026601442,-0.0012740497,0.0001341667,-0.0019919182,5.0227000000,-0.0090983483
2023-05-04,0.0005078800,0.0024432102,0.0038875438,0.0037059016,0.0001341667,-0.0022752194,5.0106000000,-0.0095004261
2023-05-05,0.0005078800,0.0008047573,0.0022656920,0.0291084826,0.0001411111,-0.0080426963,4.9696000000,0.0101970899
2023-05-08,0.0005078800,-0.0001419504,-0.0013702665,0.0084991243,0.0004233931,0.0004233931,4.9696000000,0.0004684576
2023-05-09,0.0005078800,-0.0007185818,-0.0009845758,0.0101045669,0.0001411111,0.0064000431,5.0007000000,0.0017212074
2023-05-10,0.0005078800,0.0016356393,0.0027711724,0.0031233178,0.0001411111,-0.0090588991,4.9547000000,-0.0047292950
2023-05-11,0.0005078800,0.0025634685,0.0034377369,0.0075216702,0.0001411111,0.0031487811,4.9696000000,0.0015179307
2023-05-12,0.0005078800,0.0008416191,0.0043944738,0.0019161916,0.0001411111,-0.0091567236,4.9234000000,-0.0106410161
2023-05-15,0.0005078800,0.0020931602,0.0033131588,0.0052116908,0.0004233931,-0.0022384964,4.9103000000,0.0004257064
2023-05-16,0.0005078800,-0.0005105746,-0.0025828398,-0.0076625401,0.0001411111,0.0005281074,4.9122000000,-0.0059414858
2023-05-17,0.0005078800,-0.0006242111,0.0000392576,0.0117037335,0.0001411111,0.0081020079,4.9513000000,0.0201436953
2023-05-18,0.0005078800,0.0011101042,-0.0008729776,0.0059246327,0.0001411111,0.0028478530,4.9647000000,0.0123584193
2023-05-19,0.0005078800,0.0000446606,0.0008376166,0.0057765770,0.0001411111,0.0043917159,4.9858000000,0.0028230524
2023-05-22,0.0005078800,0.0002242591,-0.0018219335,-0.0047983417,0.0004233931,-0.0031482577,4.9680000000,-0.0033007577
2023-05-23,0.0005078800,0.0020201536,0.0021343218,-0.0025821790,0.0001411111,0.0000203211,4.9674000000,-0.0113229826
2023-05-24,0.0005078800,0.0012658278,0.0018288218,-0.0102702183,0.0001411111,-0.0038857082,4.9474000000,-0.0112970648
2023-05-25,0.0005078800,0.0025496528,0.0031572110,0.0115335046,0.0001411111,0.0105723035,4.9990000000,0.0193120808
2023-05-26,0.0005078800,0.0011208055,0.0012173432,0.0077337222,0.0001411111,0.0026219572,5.0114000000,0.0156324478
2023-05-29,0.0005078800,-0.0000454663,0.0008116411,-0.0051585354,0.0004233931,-0.0027706793,4.9954000000,-0.0031927206
2023-05-30,0.0005078800,0.0012127178,0.0005518932,-0.0123840106,0.0001411111,0.0129346846,5.0593000000,0.0128759840
2023-05-31,0.0005078800,0.0003618187,-0.0001583498,-0.0057995524,0.0001411111,0.0073763343,5.0959000000,0.0012904376
2023-06-01,0.0005078800,0.0009255480,0.0010524935,0.0205805008,0.0001411111,-0.0118113592,5.0350000000,-0.0020330051
2023-06-02,0.0005078800,0.0013984065,0.0037447605,0.0180300830,0.0001411111,-0.0155909993,4.9558000000,-0.0013665764
2023-06-05,0.0005078800,0.0034131483,0.0044102669,0.0012275433,0.0004233931,-0.0060767952,4.9236000000,-0.0084705303
2023-06-06,0.0005078800,0.0012323161,0.0018982705,0.0169817435,0.0001411111,0.0012786508,4.9292000000,0.0035193008
2023-06-07,0.0005078800,-0.0008373537,-0.0050723348,0.0076612794,0.0001411111,-0.0033690815,4.9119000000,-0.0072786854
2023-06-09,0.0005078800,0.0026318120,0.0023889332,0.0132595411,0.0002822421,-0.0037295578,4.8922000000,0.0034455435
2023-06-12,0.0005078800,0.0005689193,-0.0013652311,0.0027077543,0.0004233931,-0.0014170490,4.8832000000,0.0074661290
2023-06-13,0.0005078800,-0.0018742590,-0.0040186066,-0.0050592169,0.0001411111,-0.0059827870,4.8533000000,0.0008064593
2023-06-14,0.0005078800,0.0012631348,0.0040222976,0.0199246702,0.0001411111,-0.0013220175,4.8462000000,-0.0004098298
2023-06-15,0.0005078800,0.0011893491,0.0013160032,0.0012785049,0.0001411111,-0.0048119215,4.8222000000,0.0073422161
2023-06-16,0.0005078800,0.0007424542,0.0019855243,-0.0038800211,0.0001408333,0.0014682153,4.8286000000,-0.0023310330
2023-06-19,0.0005078800,0.0002524328,0.0001455226,0.0092569436,0.0004233931,-0.0095837415,4.7803000000,-0.0100028994
2023-06-20,0.0005078800,0.0007474768,0.0003991669,-0.0019636609,0.0001411111,0.0027982230,4.7930000000,-0.0020860971
2023-06-21,0.0005078800,0.0009078028,0.0024686624,0.0066698210,0.0001408333,-0.0026761709,4.7795000000,-0.0079813378
2023-06-22,0.0005078800,0.0002000505,0.0003278807,-0.0123406144,0.0001408333,-0.0008008203,4.7750000000,0.0028542833
2023-06-23,0.0005078800,0.0020498015,0.0021230810,0.0003607036,0.0001408333,0.0011671559,4.7799000000,-0.0066313692
2023-06-26,0.0005078800,0.0014180191,0.0003329635,-0.0061705152,0.0004225595,-0.0016913483,4.7698000000,-0.0065709396
2023-06-27,0.0005078800,0.0007163947,-0.0008450565,-0.0060898345,0.0001408333,0.0044393127,4.7903000000,0.0158022673
2023-06-28,0.0005078800,-0.0001803986,-0.0022793776,-0.0071607339,0.0001408333,0.0139206164,4.8563000000,0.0134199229
2023-06-29,0.0005078800,0.0013711288,0.0032585419,0.0145809972,0.0001408333,0.0005733222,4.8584000000,0.0050257562
2023-06-30,0.0005078800,0.0029026920,0.0074359964,-0.0024974099,0.0001408333,-0.0079288029,4.8192000000,0.0041380811
2023-07-03,0.0005078800,0.0023419800,0.0017689550,0.0134289126,0.0004233931,-0.0061364881,4.7876000000,-0.0053433169
2023-07-04,0.0005078800,-0.0008915486,-0.0033798026,-0.0049836730,0.0001411111,0.0039013542,4.8056000000,0.0037597126
2023-07-05,0.0005078800,-0.0014993561,-0.0019996745,0.0039708970,0.0001411111,0.0109841592,4.8577000000,0.0089764249
2023-07-06,0.0005078800,-0.0008721677,-0.0020670033,-0.0177626435,0.0001411111,0.0083766227,4.8977000000,0.0003235584
2023-07-07,0.0005078800,0.0035080154,0.0042938088,0.0125380560,0.0001411111,-0.0034937607,4.8799000000,-0.0063284806
2023-07-10,0.0005078800,-0.0004635889,-0.0029199635,-0.0080367212,0.0004233931,-0.0008886645,4.8735000000,0.0010972417
2023-07-11,0.0005078800,0.0006036497,0.0009324559,-0.0032805833,0.0001408333,0.0045325464,4.8949000000,0.0111800276
2023-07-12,0.0005078800,0.0007047709,0.0003983237,0.0009439795,0.0001411111,-0.0180640765,4.8058000000,-0.0109039361
2023-07-13,0.0005078800,-0.0011128356,-0.0008449845,0.0135756578,0.0001411111,-0.0002751114,4.8038000000,0.0081570138
2023-07-14,0.0005078800,-0.0010741519,-0.0022393465,-0.0130244787,0.0001411111,-0.0015452919,4.7957000000,-0.0026758999
2023-07-17,0.0005078800,0.0015279653,0.0011742988,0.0043234871,0.0004233931,0.0076203835,4.8302000000,0.0110776523
2023-07-18,0.0005078800,0.0017801134,0.0030020938,-0.0031997270,0.0001411111,-0.0052838603,4.8040000000,0.0016526992
2023-07-19,0.0005078800,-0.0008931722,-0.0003635053,-0.0024534715,0.0001411111,-0.0006916459,4.8000000000,0.0015412275
2023-07-20,0.0005078800,-0.0013213853,0.0002989478,0.0045157010,0.0001411111,-0.0021925515,4.7888000000,-0.0089780329
2023-07-21,0.0005078800,0.0022106525,0.0031716815,0.0180709485,0.0001411111,-0.0031169496,4.7732000000,-0.0029344913
2023-07-24,0.0005078800,0.0008930580,0.0011773041,0.0093574299,0.0004233931,-0.0053403804,4.7457000000,-0.0017339133
2023-07-25,0.0005078800,0.0014489335,0.0008985942,0.0054892923,0.0001411111,0.0009630236,4.7496000000,0.0036563864
2023-07-26,0.0005078800,0.0009684535,0.0014562513,0.0045293017,0.0001411111,-0.0025542330,4.7368000000,-0.0028351361
2023-07-27,0.0005078800,-0.0007858970,-0.0007490315,-0.0209752940,0.0001411111,-0.0033638590,4.7202000000,-0.0098374347
2023-07-28,0.0005078800,0.0002349005,0.0014509584,0.0016457254,0.0001480556,0.0012286782,4.7253000000,0.0110648721
2023-07-31,0.0005078800,0.0015383121,0.0026377761,0.0146094702,0.0004442324,0.0038741092,4.7415000000,0.0049316615
2023-08-01,0.0005078800,0.0002080096,0.0003968259,-0.0056960228,0.0001480556,0.0072565633,4.7752000000,0.0044474948
2023-08-02,0.0005078800,0.0011736985,0.0018362454,-0.0032138159,0.0001480556,0.0070807287,4.8083000000,-0.0069924764
2023-08-03,0.0004903700,0.0008278996,0.0008096447,-0.0022584221,0.0001480556,0.0149995771,4.8797000000,0.0123113187
2023-08-04,0.0004903700,0.0008964956,0.0017638111,-0.0089404413,0.0001480556,-0.0037052107,4.8609000000,-0.0090586068
2023-08-07,0.0004903700,-0.0003915506,-0.0007142893,-0.0010725671,0.0004442324,0.0086973982,4.9010000000,0.0173731730
2023-08-08,0.0004903700,0.0025483738,0.0044053070,-0.0024230291,0.0001480556,0.0043723087,4.9217000000,-0.0000043406
2023-08-09,0.0004903700,-0.0004338624,0.0004233572,-0.0057222993,0.0001480556,-0.0039568250,4.9015000000,-0.0110279920
2023-08-10,0.0004903700,0.0007566056,0.0013071653,-0.0004997096,0.0001480556,-0.0099931988,4.8518000000,-0.0097658023
2023-08-11,0.0004903700,0.0008442287,0.0010962065,-0.0024035569,0.0001480556,0.0083936391,4.8918000000,0.0073097894
2023-08-14,0.0004903700,-0.0021947992,-0.0022272360,-0.0106347225,0.0004442324,0.0119584011,4.9481000000,0.0173873935
2023-08-15,0.0004903700,-0.0004672405,0.0007881954,-0.0054629951,0.0001480556,0.0068384823,4.9812000000,-0.0047841589
2023-08-16,0.0004903700,0.0001189623,-0.0001180459,-0.0049917613,0.0001480556,-0.0006550827,4.9772000000,-0.0081935342
2023-08-17,0.0004903700,-0.0010767216,-0.0020009681,-0.0052704558,0.0001480556,0.0010322176,4.9816000000,-0.0066417064
2023-08-18,0.0004903700,0.0008418920,-0.0010212559,0.0037068314,0.0001480556,-0.0016990141,4.9724000000,-0.0019284966
2023-08-21,0.0004903700,-0.0015554947,-0.0041974051,-0.0084843823,0.0004442324,0.0029189859,4.9847000000,0.0093891402
2023-08-22,0.0004903700,0.0019483148,-0.0012475957,0.0150893106,0.0001480556,-0.0081987174,4.9431000000,-0.0110855361
2023-08-23,0.0004903700,0.0028795367,0.0026627270,0.0170338151,0.0001480556,-0.0090378241,4.8977000000,0.0017787109
2023-08-24,0.0004903700,0.0012546983,-0.0006736967,-0.0093875130,0.0001480556,-0.0045283008,4.8748000000,-0.0180436126
2023-08-25,0.0004903700,-0.0011841144,-0.0012673939,-0.0101550430,0.0001480556,0.0006404563,4.8772000000,0.0073332684
2023-08-28,0.0004903700,0.0006888078,0.0008862998,0.0110826229,0.0004442324,0.0038493366,4.8938000000,0.0097027043
2023-08-29,0.0004903700,0.0019293066,0.0016217244,0.0109513257,0.0001480556,-0.0045933386,4.8706000000,0.0097292626
2023-08-30,0.0004903700,0.0003026202,-0.0018249233,-0.0073351649,0.0001480556,-0.0009402672,4.8653000000,0.0029078076
2023-08-31,0.0004903700,-0.0023074653,-0.0064165775,-0.0152574848,0.0001480556,0.0117831818,4.9219000000,0.0102516753
2023-09-01,0.0004903700,0.0001202716,-0.0000838682,0.0185857643,0.0001480556,0.0021597717,4.9318000000,0.0038648394
2023-09-04,0.0004903700,0.0001464065,-0.0009502562,-0.0009868274,0.0004442324,-0.0024363199,4.9176000000,-0.0028792733
2023-09-05,0.0004903700,-0.0015518734,-0.0019633958,-0.0037810560,0.0001480556,0.0109069282,4.9705000000,0.0065615677
2023-09-06,0.0004903700,0.0005598371,0.0005430100,-0.0114714488,0.0001480556,0.0012949913,4.9762000000,-0.0058064029
2023-09-08,0.0004903700,0.0013022715,0.0008124537,-0.0057933184,0.0002961330,0.0017635503,4.9835000000,-0.0001164210
2023-09-11,0.0004903700,0.0014161923,0.0006325640,0.0136145496,0.0004442324,-0.0089710048,4.9366000000,-0.0027495602
2023-09-12,0.0004903700,0.0018408142,0.0017099165,0.0092808778,0.0001480556,0.0029641756,4.9505000000,-0.0028572700
2023-09-13,0.0004903700,0.0011694131,0.0005858296,0.0017619167,0.0001480556,-0.0065997366,4.9171000000,-0.0055050537
2023-09-14,0.0004903700,0.0002037785,0.0004274305,0.0102861859,0.0001480556,-0.0083948291,4.8751000000,0.0000951789
2023-09-15,0.0004903700,-0.0006053908,-0.0022342428,-0.0053104261,0.0001480556,-0.0011239015,4.8689000000,-0.0133751470
2023-09-18,0.0004903700,0.0002381453,-0.0007361117,-0.0039519178,0.0004442324,-0.0027201047,4.8535000000,-0.0024282567
2023-09-19,0.0004903700,-0.0010126602,-0.0010312466,-0.0037402713,0.0001480556,0.0009723251,4.8575000000,-0.0013297252
2023-09-20,0.0004903700,0.0010112475,0.0014884901,0.0072089132,0.0001480556,-0.0016638442,4.8487000000,-0.0111221667
2023-09-21,0.0004727900,-0.0012336915,-0.0010432450,-0.0214858513,0.0001480556,0.0154533922,4.9229000000,-0.0013153016
2023-09-22,0.0004727900,0.0005013111,-0.0003727113,-0.0011744797,0.0001480556,-0.0018429357,4.9131000000,-0.0042669206
2023-09-25,0.0004727900,-0.0012497178,-0.0035657944,-0.0007243426,0.0004442324,0.0101165577,4.9606000000,0.0137442996
2023-09-26,0.0004727900,-0.0021677972,-0.0110114199,-0.0149336711,0.0001480556,0.0023860194,4.9717000000,-0.0124654397
2023-09-27,0.0004727900,-0.0030210516,-0.0031350601,0.0011701199,0.0001480556,0.0116548779,5.0289000000,0.0117576187
2023-09-28,0.0004727900,0.0009954845,0.0053835280,0.0122780217,0.0001480556,0.0038472251,5.0475000000,0.0097462851
2023-09-29,0.0004727900,0.0030665513,0.0051522288,0.0072099241,0.0001480556,-0.0077580182,5.0076000000,-0.0105596784
2023-10-02,0.0004727900,-0.0028481725,-0.0053084334,-0.0129396285,0.0004442324,0.0124912784,5.0679000000,0.0121259720
2023-10-03,0.0004727900,-0.0029179435,-0.0063534825,-0.0142348748,0.0001480556,0.0084564739,5.1100000000,-0.0054716320
2023-10-04,0.0004727900,0.0031884452,0.0026600050,0.0016611849,0.0001480556,0.0084858847,5.1526000000,0.0165172508
2023-10-05,0.0004727900,-0.0000155175,-0.0004900087,-0.0028463802,0.0001480556,0.0037778286,5.1713000000,0.0025017390
2023-10-06,0.0004727900,0.0010718925,0.0032277877,0.0078170737,0.0001480556,0.0041128294,5.1918000000,0.0159890519
2023-10-09,0.0004727900,0.0031112199,0.0051759402,0.0086401261,0.0004442324,-0.0044117317,5.1666000000,0.0014191070
2023-10-10,0.0004727900,0.0021621149,0.0017619520,0.0137281517,0.0001480556,-0.0154157395,5.0862000000,-0.0104148074
2023-10-11,0.0004727900,-0.0009247799,-0.0009366680,0.0026880092,0.0001480556,-0.0070489518,5.0496000000,-0.0028856967
2023-10-13,0.0004727900,-0.0018262549,-0.0031722679,-0.0110777600,0.0002961330,0.0028515473,5.0625000000,-0.0085971892
2023-10-16,0.0004727900,0.0021678524,0.0029124910,0.0067364364,0.0004442324,0.0003058994,5.0618000000,0.0104855584
2023-10-17,0.0004727900,-0.0023489533,-0.0037531071,-0.0053668526,0.0001480556,-0.0044754903,5.0384000000,-0.0047230604
2023-10-18,0.0004727900,0.0000275960,0.0003552483,-0.0159504360,0.0001480556,0.0038005492,5.0568000000,-0.0097962148
2023-10-19,0.0004727900,-0.0024392340,-0.0071839794,-0.0004851848,0.0001480556,-0.0004057363,5.0540000000,-0.0089476279
2023-10-20,0.0004727900,0.0029594634,0.0027601478,-0.0074472630,0.0001480556,-0.0000894153,5.0528000000,-0.0127878985
2023-10-23,0.0004727900,0.0003464636,-0.0004256909,-0.0032765594,0.0004442324,-0.0067628943,5.0164000000,-0.0088756781
2023-10-24,0.0004727900,0.0026039264,0.0026437749,0.0086659056,0.0001480556,-0.0018257635,5.0065000000,0.0052985141
2023-10-25,0.0004727900,0.0006478733,-0.0009207141,-0.0081919342,0.0001480556,-0.0015300117,4.9981000000,-0.0159881054
2023-10-26,0.0004727900,0.0040629333,0.0087355867,0.0172550786,0.0001480556,0.0016288374,5.0055000000,-0.0103537867
2023-10-27,0.0004727900,-0.0027184973,-0.0033547312,-0.0128554658,0.0001480556,-0.0113410091,4.9480000000,-0.0162136886
2023-10-30,0.0004727900,-0.0030082625,-0.0039346127,-0.0067945351,0.0004442324,0.0124544158,5.0074000000,0.0242501235
2023-10-31,0.0004727900,0.0004880600,-0.0008178370,0.0054398092,0.0001480556,0.0101547292,5.0575000000,0.0166143067
2023-11-01,0.0004727900,0.0033412007,0.0034572666,0.0168749166,0.0001480556,-0.0073864261,5.0194000000,0.0028974824
2023-11-03,0.0004551300,0.0037821833,0.0039659497,0.0270050419,0.0002961330,-0.0252921890,4.8910000000,0.0022336290
2023-11-06,0.0004551300,-0.0014698979,-0.0033842939,0.0022958706,0.0004442324,0.0022647096,4.8999000000,0.0036063964
2023-11-07,0.0004551300,0.0025598608,0.0036449456,0.0070657871,0.0001480556,-0.0065673613,4.8670000000,-0.0038753619
2023-11-08,0.0004551300,0.0010766983,0.0031239847,-0.0007662571,0.0001480556,0.0039497278,4.8855000000,0.0048598908
2023-11-09,0.0004551300,-0.0000529932,-0.0010559222,-0.0011959556,0.0001480556,0.0032597638,4.9007000000,-0.0048036020
2023-11-10,0.0004551300,0.0019101973,0.0007769501,0.0128870591,0.0001480556,0.0044746087,4.9219000000,0.0201638868
2023-11-13,0.0004551300,0.0003654223,-0.0021326632,-0.0013102135,0.0004442324,0.0010133711,4.9247000000,-0.0002054937
2023-11-14,0.0004551300,0.0034895333,0.0067952206,0.0228850271,0.0001480556,-0.0113264231,4.8682000000,0.0075917661
2023-11-16,0.0004551300,0.0013062242,0.0037044762,0.0119633898,0.0002961330,-0.0019024555,4.8575000000,0.0010085461
2023-11-17,0.0004551300,0.0017731149,0.0024661413,0.0010748621,0.0001480556,0.0057896524,4.8849000000,0.0069515848
2023-11-20,0.0004551300,-0.0005342419,-0.0015965572,0.0094880143,0.0004442324,-0.0021362907,4.8723000000,0.0048941821
2023-11-21,0.0004551300,-0.0012837364,-0.0018086557,-0.0026281179,0.0001480556,0.0018518154,4.8806000000,-0.0002970418
2023-11-22,0.0004551300,0.0016370170,0.0020384036,0.0032578439,0.0001480556,0.0034678110,4.8968000000,0.0074463231
2023-11-23,0.0004551300,0.0003390677,0.0005804282,0.0042880844,0.0001480556,-0.0006076518,4.8931000000,-0.0007555955
2023-11-24,0.0004551300,0.0007786512,0.0005335600,-0.0083624233,0.0001480556,0.0000662957,4.8927000000,0.0005375073
2023-11-27,0.0004551300,0.0020248816,0.0015204766,0.0017063787,0.0004442324,0.0009349770,4.8951000000,-0.0014473461
2023-11-28,0.0004551300,0.0009073662,0.0022538630,0.0064174079,0.0001480556,-0.0015682002,4.8867000000,-0.0007336255
2023-11-29,0.0004551300,0.0013174766,-0.0002098202,-0.0029451948,0.0001480556,0.0014988602,4.8933000000,0.0005766919
2023-11-30,0.0004551300,0.0011598744,0.0013077710,0.0092376974,0.0001480556,0.0087733693,4.9355000000,0.0127451293
2023-12-01,0.0004551300,0.0009756217,0.0022736866,0.0067052736,0.0001480556,-0.0031753014,4.9191000000,0.0026164269
2023-12-04,0.0004551300,-0.0014486721,-0.0022899212,-0.0107822364,0.0004442324,-0.0015895628,4.9091000000,-0.0074274773
2023-12-05,0.0004551300,0.0001849024,0.0009763270,0.0007922539,0.0001480556,0.0089289688,4.9522000000,0.0082489007
2023-12-06,0.0004551300,0.0017045898,0.0005475885,-0.0100911521,0.0001480556,-0.0097681977,4.9031000000,-0.0137552733
2023-12-07,0.0004551300,0.0006399979,-0.0009496944,0.0030800178,0.0001480556,-0.0015246034,4.8949000000,0.0064425225
2023-12-08,0.0004551300,-0.0004153135,0.0000370649,0.0086025212,0.0001480556,0.0044184379,4.9158000000,0.0084060218
2023-12-11,0.0004551300,0.0007605086,0.0002086522,-0.0013939336,0.0004442324,0.0061833852,4.9440000000,0.0096882714
2023-12-12,0.0004551300,0.0014271173,0.0027879546,-0.0040450246,0.0001480556,0.0008763187,4.9476000000,0.0053712368
2023-12-13,0.0004551300,0.0026301238,0.0077789698,0.0242244984,0.0001480556,0.0022503960,4.9580000000,0.0158004611
2023-12-14,0.0004373900,0.0010704495,0.0023808558,0.0106361499,0.0001480556,-0.0133271139,4.8912000000,-0.0106340130
2023-12-15,0.0004373900,0.0013112920,0.0024512593,-0.0049295299,0.0001480556,0.0100652907,4.9397000000,0.0098950026
2023-12-18,0.0004373900,0.0003692765,0.0018835916,0.0068105972,0.0004442324,0.0004847387,4.9399000000,0.0045807505
2023-12-19,0.0004373900,0.0011978688,0.0013990317,0.0058518282,0.0001480556,-0.0147532374,4.8663000000,-0.0090412035
2023-12-20,0.0004373900,0.0010422518,0.0011151896,-0.0079387399,0.0001480556,0.0022649668,4.8766000000,-0.0124818204
2023-12-21,0.0004373900,0.0002377527,0.0013156476,0.0105336091,0.0001480556,-0.0000775448,4.8755000000,0.0100754270
2023-12-22,0.0004373900,0.0006426319,0.0015739779,0.0043191959,0.0001480556,-0.0026418149,4.8619000000,-0.0011328262
2023-12-26,0.0004373900,0.0012832816,0.0006980473,0.0058755012,0.0005923538,-0.0045732951,4.8368000000,-0.0009473459
2023-12-27,0.0004373900,0.0011704231,0.0009049897,0.0049485925,0.0001480556,-0.0011339735,4.8306000000,0.0002274495
2023-12-28,0.0004373900,-0.0004574578,0.0011167388,-0.0000631922,0.0001480556,0.0023634293,4.8413000000,0.0026981646
2023-12-29,0.0004373900,0.0003898302,0.0009787923,0.0000000000,0.0001480556,0.0001480556,4.8413000000,-0.0027769758
2024-01-02,0.0004373900,-0.0001520501,0.0005228022,-0.0110936941,0.0005923538,0.0109882795,4.8916000000,0.0047018329
2024-01-03,0.0004373900,-0.0001457305,0.0004399394,0.0010348417,0.0001480556,0.0062001413,4.9212000000,-0.0019719923
2024-01-04,0.0004373900,-0.0004679262,-0.0020048390,-0.0121056402,0.0001480556,-0.0003397026,4.9188000000,-0.0037831620
2024-01-05,0.0004373900,0.0001622970,-0.0005644454,0.0060735719,0.0001480556,-0.0057282311,4.8899000000,-0.0040593199
2024-01-08,0.0004373900,-0.0004125330,-0.0020948618,0.0030571964,0.0004442324,-0.0005582782,4.8850000000,0.0131166274
2024-01-09,0.0004373900,-0.0005105724,-0.0025418051,-0.0073999517,0.0001480556,0.0019292814,4.8937000000,0.0004418905
2024-01-10,0.0004373900,0.0002480975,-0.0001786735,-0.0046064337,0.0001480556,-0.0005876931,4.8901000000,0.0049421695
2024-01-11,0.0004373900,0.0010886948,0.0022181652,-0.0014700275,0.0001480556,-0.0020403627,4.8794000000,-0.0028217620
2024-01-12,0.0004373900,0.0020091892,0.0019210729,0.0025941312,0.0001480556,-0.0049967811,4.8543000000,-0.0043120413
2024-01-15,0.0004373900,0.0005891298,-0.0002170191,0.0040709175,0.0004442324,0.0050195290,4.8765000000,0.0045732649
2024-01-16,0.0004373900,-0.0027078204,-0.0047736659,-0.0169316803,0.0001480556,0.0057471619,4.9038000000,0.0018605242
2024-01-17,0.0004373900,0.0001503117,-0.0014542608,-0.0059570418,0.0001480556,0.0064298289,4.9346000000,0.0006494764
2024-01-18,0.0004373900,0.0008791006,0.0002373079,-0.0093997354,0.0001480556,0.0013033354,4.9403000000,0.0100520551
2024-01-19,0.0004373900,0.0006764232,0.0006768706,0.0025127294,0.0001480556,-0.0034959873,4.9223000000,0.0086831533
2024-01-22,0.0004373900,-0.0007373055,-0.0004423456,-0.0081019684,0.0004442324,0.0058709356,4.9490000000,0.0076294994
2024-01-23,0.0004373900,0.0009964175,0.0016585306,0.0131196656,0.0001480556,0.0046951017,4.9715000000,0.0075037775
2024-01-24,0.0004373900,0.0007184937,0.0003183057,-0.0034836365,0.0001480556,-0.0103734658,4.9192000000,-0.0097070048
2024-01-25,0.0004373900,0.0017716584,0.0012495017,0.0027620238,0.0001480556,0.0009613163,4.9232000000,0.0061345354
2024-01-26,0.0004373900,0.0013897015,0.0005998479,0.0062307710,0.0001480556,-0.0020256494,4.9125000000,-0.0028225976
2024-01-29,0.0004373900,-0.0005209723,-0.0008698602,-0.0036029282,0.0004442324,0.0024807601,4.9225000000,0.0096249472
2024-01-30,0.0004373900,-0.0001190965,-0.0011894862,-0.0085667487,0.0001480556,0.0085393435,4.9638000000,0.0078659492
2024-01-31,0.0004373900,0.0017487783,0.0020145116,0.0027509028,0.0001480556,-0.0019272748,4.9535000000,-0.0181168849
2024-02-01,0.0004195700,0.0009731991,0.0013878005,0.0057043209,0.0001480556,-0.0035872304,4.9350000000,0.0087653300
2024-02-02,0.0004195700,-0.0014177342,-0.0008351035,-0.0101086526,0.0001480556,0.0026002929,4.9471000000,0.0132097298
2024-02-05,0.0004195700,-0.0001146442,-0.0002858400,0.0032334701,0.0004442324,0.0122139267,5.0053000000,0.0085504702
2024-02-06,0.0004195700,0.0017116485,0.0016580656,0.0221235425,0.0001480556,-0.0071652761,4.9687000000,-0.0049901637
2024-02-07,0.0004195700,0.0001237509,0.0007411127,-0.0035763165,0.0001480556,-0.0014421330,4.9608000000,0.0066515877
2024-02-08,0.0004195700,-0.0011084365,-0.0002431028,-0.0133357548,0.0001480556,0.0040996162,4.9804000000,0.0046510738
2024-02-09,0.0004195700,0.0004085941,0.0015188476,-0.0014913788,0.0001480556,-0.0015990507,4.9717000000,0.0040808627
2024-02-14,0.0004195700,-0.0008768853,-0.0010723626,-0.0078688107,0.0007404970,0.0008612694,4.9723000000,-0.0047332604
2024-02-15,0.0004195700,0.0006655225,0.0012377774,0.0061868255,0.0001480556,-0.0001134316,4.9710000000,0.0057850748
2024-02-16,0.0004195700,-0.0004248502,-0.0003152273,0.0072122082,0.0001480556,0.0011741580,4.9761000000,-0.0036239627
2024-02-19,0.0004195700,0.0007741193,0.0001840234,0.0024071306,0.0004442324,-0.0030942452,4.9585000000,-0.0035369064
2024-02-20,0.0004195700,0.0013322473,0.0007649293,0.0068226834,0.0001480556,-0.0034221009,4.9408000000,-0.0095181345
2024-02-21,0.0004195700,0.0006866770,0.0011368864,0.0008888043,0.0001480556,-0.0019774210,4.9303000000,-0.0008189801
2024-02-22,0.0004195700,-0.0007429857,-0.0006158825,0.0016070711,0.0001480556,0.0025012019,4.9419000000,0.0235786300
2024-02-23,0.0004195700,0.0001334606,-0.0010515445,-0.0063100164,0.0001480556,0.0088909269,4.9851000000,0.0091144466
2024-02-26,0.0004195700,-0.0007856830,-0.0018021943,0.0014705754,0.0004442324,-0.0001979656,4.9819000000,-0.0043888609
2024-02-27,0.0004195700,0.0018758254,0.0012840127,0.0160507310,0.0001480556,-0.0047503994,4.9575000000,-0.0031844225
2024-02-28,0.0004195700,-0.0001873280,0.0004890225,-0.0116481687,0.0001480556,-0.0002150844,4.9557000000,-0.0019270260
2024-02-29,0.0004195700,0.0015758833,0.0013101495,-0.0087234931,0.0001480556,0.0057182245,4.9833000000,0.0110449456
2024-03-01,0.0004195700,0.0011324187,-0.0005733454,0.0012428304,0.0001480556,-0.0046085332,4.9596000000,0.0032720262
2024-03-04,0.0004195700,0.0004897818,-0.0004896578,-0.0065012200,0.0004442324,-0.0019965642,4.9475000000,-0.0035945968
2024-03-05,0.0004195700,0.0015659628,0.0004929525,-0.0018889589,0.0001480556,0.0004108534,4.9488000000,-0.0099092099
2024-03-06,0.0004195700,0.0002294497,0.0018502963,0.0061836978,0.0001480556,-0.0016708364,4.9398000000,0.0033863310
2024-03-07,0.0004195700,-0.0000114668,0.0007155464,-0.0042708435,0.0001480556,-0.0005403333,4.9364000000,0.0097478756
2024-03-08,0.0004195700,-0.0009430614,-0.0008730861,-0.0098875828,0.0001480556,0.0079889375,4.9751000000,0.0013310206
2024-03-11,0.0004195700,0.0012095143,0.0009119783,-0.0074543489,0.0004442324,0.0009670671,4.9777000000,-0.0005978750
2024-03-12,0.0004195700,0.0007092610,0.0005355760,0.0122441834,0.0001480556,0.0008713882,4.9813000000,0.0119653238
2024-03-13,0.0004195700,0.0005909821,0.0008465900,0.0026491401,0.0001480556,-0.0000527250,4.9803000000,-0.0020831931
2024-03-14,0.0004195700,-0.0016971297,-0.0020438799,-0.0024692583,0.0001480556,-0.0005548174,4.9768000000,-0.0033263328
2024-03-15,0.0004195700,-0.0013027705,-0.0018645411,-0.0074254853,0.0001480556,0.0035443146,4.9937000000,-0.0030759999
2024-03-18,0.0004195700,-0.0004088593,-0.0021233528,0.0016756112,0.0004442324,0.0041906143,5.0124000000,0.0100973101
2024-03-19,0.0004195700,0.0015784574,0.0008470911,0.0045265938,0.0001480556,0.0046974482,5.0352000000,0.0102234203
2024-03-20,0.0004195700,0.0014361560,0.0023134688,0.0125146584,0.0001480556,-0.0044601894,5.0120000000,0.0043878614
2024-03-21,0.0004016800,-0.0002865656,-0.0026412103,-0.0074831463,0.0001480556,-0.0060978810,4.9807000000,-0.0030057123
2024-03-22,0.0004016800,-0.0000078795,-0.0003466190,-0.0088286722,0.0001480556,0.0019552980,4.9897000000,0.0004522176
2024-03-25,0.0004016800,0.0013199576,0.0011148646,-0.0007528315,0.0004442324,-0.0001171728,4.9869000000,-0.0036150606
2024-03-26,0.0004016800,-0.0005833275,-0.0001773555,-0.0005392674,0.0001480556,0.0001681111,4.9870000000,-0.0027786213
2024-03-27,0.0004016800,0.0001450710,0.0022994205,0.0065235716,0.0001480556,-0.0001327159,4.9856000000,0.0084679113
2024-03-28,0.0004016800,0.0002373932,0.0000025824,0.0032538020,0.0001480556,0.0022744936,4.9962000000,0.0032754321
2024-04-01,0.0004016800,-0.0007948892,-0.0015978176,-0.0087087968,0.0005923538,0.0120077823,5.0532000000,0.0093757604
2024-04-02,0.0004016800,-0.0005747459,-0.0002455519,0.0043945824,0.0001480556,-0.0009603172,5.0476000000,-0.0083121008
2024-04-03,0.0004016800,0.0001126353,0.0004035186,-0.0018042546,0.0001480556,0.0050620091,5.0724000000,0.0060573432
2024-04-04,0.0004016800,0.0005520187,-0.0006969373,0.0008572210,0.0001480556,-0.0094543438,5.0237000000,-0.0216939446
2024-04-05,0.0004016800,-0.0015159047,-0.0013345918,-0.0049606235,0.0001480556,0.0057821878,5.0520000000,0.0167984221
2024-04-08,0.0004016800,0.0006587256,0.0005992535,0.0162604467,0.0004442324,-0.0015162580,5.0421000000,-0.0023160724
2024-04-09,0.0004016800,0.0016892388,0.0012633666,0.0080182584,0.0001480556,-0.0066160008,5.0080000000,-0.0051846146
2024-04-10,0.0004016800,-0.0025870389,-0.0047438590,-0.0141398473,0.0001480556,0.0116114139,5.0654000000,0.0019147088
2024-04-11,0.0004016800,-0.0003971804,-0.0003291922,-0.0051337040,0.0001480556,0.0023397173,5.0765000000,0.0096773570
2024-04-12,0.0004016800,0.0000060365,0.0009571399,-0.0113838426,0.0001480556,0.0119492707,5.1364000000,-0.0028056763
2024-04-15,0.0004016800,-0.0028750097,-0.0020822678,-0.0048608099,0.0004442324,0.0078846517,5.1746000000,-0.0046609423
2024-04-16,0.0004016800,-0.0042573558,-0.0050644579,-0.0075420144,0.0001480556,0.0173306711,5.2635000000,0.0150894460
2024-04-17,0.0004016800,0.0008950195,-0.0008737999,-0.0017483111,0.0001480556,-0.0030062064,5.2469000000,-0.0089172286
2024-04-18,0.0004016800,0.0014347550,0.0021067079,0.0002015766,0.0001480556,0.0009677084,5.2512000000,-0.0013270150
2024-04-19,0.0004016800,0.0032671778,0.0015963958,0.0074730157,0.0001480556,-0.0044801433,5.2269000000,-0.0132976859
2024-04-22,0.0004016800,0.0006008005,0.0004202113,0.0035873128,0.0004442324,-0.0038814749,5.2043000000,0.0043699300
2024-04-23,0.0004016800,0.0001368728,-0.0007369053,-0.0033851979,0.0001480556,-0.0078657357,5.1626000000,0.0038770734
2024-04-24,0.0004016800,-0.0015118822,-0.0013787895,-0.0032551840,0.0001480556,-0.0005106248,5.1592000000,-0.0004410601
2024-04-25,0.0004016800,-0.0003100952,-0.0002871089,-0.0007624617,0.0001480556,0.0018346132,5.1679000000,-0.0028786770
2024-04-26,0.0004016800,0.0026454104,0.0015586054,0.0150883008,0.0001480556,-0.0094317213,5.1184000000,0.0005494157
2024-04-29,0.0004016800,0.0010367140,0.0004280982,0.0065244949,0.0004442324,-0.0001226026,5.1155000000,0.0026613897
2024-04-30,0.0004016800,-0.0034222077,-0.0061827568,-0.0112098935,0.0001480556,0.0111554518,5.1718000000,-0.0048613359
2024-05-02,0.0004016800,0.0043262884,0.0027777965,0.0095141370,0.0002961330,-0.0100321499,5.1184000000,-0.0046998447
2024-05-03,0.0004016800,0.0025849982,0.0030079173,0.0109061946,0.0001480556,-0.0099347124,5.0668000000,0.0023984175
2024-05-06,0.0004016800,-0.0013326558,-0.0023379412,-0.0003344521,0.0004442324,0.0016091928,5.0727000000,0.0115299901
2024-05-07,0.0004016800,0.0009369715,0.0023670580,0.0057975791,0.0001480556,-0.0021587499,5.0610000000,-0.0009137236
2024-05-08,0.0004016800,-0.0010405702,0.0000668856,0.0020927869,0.0001480556,0.0056220925,5.0887000000,0.0054687713
2024-05-09,0.0003927000,-0.0012195175,0.0027600394,-0.0099825542,0.0001480556,0.0137095184,5.1577000000,0.0189165244
2024-05-10,0.0003927000,-0.0009356560,-0.0010268834,-0.0045930074,0.0001480556,-0.0020431679,5.1464000000,-0.0003885437
2024-05-13,0.0003927000,0.0003910891,-0.0001407873,0.0043512686,0.0004442324,-0.0005666315,5.1412000000,-0.0012372176
2024-05-14,0.0003927000,0.0016386277,0.0014900761,0.0028145651,0.0001480556,-0.0009413456,5.1356000000,0.0038923632
2024-05-15,0.0003927000,0.0009021177,0.0010149506,-0.0037964295,0.0001480556,0.0014528675,5.1423000000,0.0132240349
2024-05-16,0.0003927000,0.0001318774,0.0033595687,0.0019998033,0.0001480556,-0.0028277073,5.1270000000,-0.0048461394
2024-05-17,0.0003927000,-0.0013596816,-0.0004816846,-0.0010360637,0.0001480556,-0.0020562887,5.1157000000,-0.0009996400
2024-05-20,0.0003927000,-0.0003115189,-0.0006381297,-0.0031196862,0.0004442324,-0.0009638248,5.1085000000,-0.0004076529
2024-05-21,0.0003927000,0.0013096184,0.0002938647,-0.0026564975,0.0001480556,-0.0007916940,5.1037000000,0.0015853037
2024-05-22,0.0003927000,-0.0018518476,-0.0012133694,-0.0138254342,0.0001480556,0.0092604416,5.1502000000,0.0063929721
2024-05-23,0.0003927000,0.0016139026,0.0016689384,-0.0073269382,0.0001480556,-0.0009977006,5.1443000000,-0.0084806471
2024-05-24,0.0003927000,-0.0004885782,-0.0005325524,-0.0033979960,0.0001480556,0.0014117770,5.1508000000,0.0082970935
2024-05-27,0.0003927000,0.0020785963,-0.0004432877,0.0015293764,0.0004442324,0.0042511570,5.1704000000,0.0038052341
2024-05-28,0.0003927000,0.0003912866,0.0007458320,-0.0057523281,0.0001480556,-0.0030630031,5.1538000000,-0.0029612039
2024-05-29,0.0003927000,-0.0031719761,-0.0018791020,-0.0086626594,0.0001480556,0.0085702733,5.1972000000,0.0010034220
2024-05-31,0.0003927000,0.0019861846,0.0023803266,-0.0049645791,0.0002961330,0.0088417246,5.2416000000,0.0107624884
2024-06-03,0.0003927000,0.0002247503,-0.0000863981,-0.0005447260,0.0004442324,-0.0003764922,5.2373000000,0.0004131091
2024-06-04,0.0003927000,-0.0002014259,-0.0012201487,-0.0018808246,0.0001480556,0.0061443989,5.2687000000,0.0075618481
2024-06-05,0.0003927000,-0.0000466691,-0.0016372239,-0.0032407498,0.0001480556,0.0030714105,5.2841000000,0.0148203752
2024-06-06,0.0003927000,0.0017117821,0.0020678077,0.0122848431,0.0001480556,-0.0028803445,5.2681000000,-0.0032142929
2024-06-07,0.0003927000,-0.0072593641,-0.0054778418,-0.0173444330,0.0001480556,0.0024452389,5.2802000000,0.0013617053
2024-06-10,0.0003927000,0.0016409982,0.0001842570,-0.0000635934,0.0004442324,0.0168145180,5.3666000000,0.0190717500
2024-06-11,0.0003927000,0.0018856909,-0.0007740546,0.0072503607,0.0001480556,-0.0024983318,5.3524000000,0.0000656300
2024-06-12,0.0003927000,-0.0029124641,-0.0055227488,-0.0139683410,0.0001480556,0.0070058079,5.3891000000,0.0154414044
2024-06-13,0.0003927000,0.0018339978,0.0026653850,-0.0030723881,0.0001480556,0.0016884294,5.3974000000,0.0039013150
2024-06-14,0.0003927000,0.0020211264,0.0017378371,0.0007932756,0.0001480556,-0.0062263271,5.3630000000,-0.0065202884
2024-06-17,0.0003927000,-0.0006392672,0.0003268331,-0.0043833325,0.0004442324,0.0097715141,5.4130000000,0.0171842401
2024-06-18,0.0003927000,0.0000311186,0.0006062491,0.0041345379,0.0001480556,-0.0008866441,5.4074000000,0.0015148856
2024-06-19,0.0003927000,-0.0002700049,0.0000296193,0.0052737414,0.0001480556,0.0107462143,5.4647000000,0.0105965899
2024-06-20,0.0003927000,0.0012551410,0.0015620412,0.0015347409,0.0001480556,-0.0070446208,5.4254000000,-0.0096923215
2024-06-21,0.0003927000,0.0018689555,0.0033598142,0.0074325479,0.0001480556,0.0031344526,5.4416000000,0.0014711955
2024-06-24,0.0003927000,0.0015625799,0.0008636296,0.0106792314,0.0004442324,-0.0072039740,5.4000000000,-0.0106217643
2024-06-25,0.0003927000,-0.0007267377,-0.0015338914,-0.0024916632,0.0001480556,0.0055192210,5.4290000000,0.0093239561
2024-06-26,0.0003927000,-0.0016623966,-0.0014114054,0.0025333645,0.0001480556,0.0150148723,5.5097000000,0.0164629017
2024-06-27,0.0003927000,-0.0004262651,-0.0003335598,0.0135886524,0.0001480556,0.0025441850,5.5229000000,0.0033164641
2024-06-28,0.0003927000,-0.0027956549,-0.0050672991,-0.0032281152,0.0001480556,0.0066673353,5.5589000000,0.0025316450
2024-07-01,0.0003927000,-0.0014661976,-0.0038859597,0.0065494520,0.0004442324,0.0059153696,5.5893000000,0.0081902874
2024-07-02,0.0003927000,0.0011263973,0.0004991181,0.0005533280,0.0001480556,0.0141769335,5.6677000000,0.0203134144
2024-07-03,0.0003927000,0.0033784998,0.0051529129,0.0070104213,0.0001480556,-0.0142161577,5.5863000000,-0.0093220702
2024-07-04,0.0003927000,0.0041298467,0.0054373822,0.0039955630,0.0001480556,-0.0181852171,5.4839000000,-0.0183305587
2024-07-05,0.0003927000,0.0013943667,0.0030673329,0.0008169527,0.0001480556,0.0025372201,5.4970000000,0.0080097386
2024-07-08,0.0003927000,0.0004847356,0.0001472189,0.0022277387,0.0004442324,-0.0041057231,5.4720000000,-0.0035043229
2024-07-09,0.0003927000,0.0017133304,0.0005609653,0.0044242382,0.0001480556,-0.0059383718,5.4387000000,-0.0053250821
2024-07-10,0.0003927000,0.0032379418,0.0052788936,0.0008655616,0.0001480556,-0.0075755215,5.3967000000,0.0025261615
2024-07-11,0.0003927000,0.0008194512,0.0044067808,0.0084529545,0.0001480556,0.0026128895,5.4100000000,-0.0062826793
2024-07-12,0.0003927000,-0.0003445876,0.0007470270,0.0047030402,0.0001480556,0.0080789893,5.4529000000,0.0134910505
2024-07-15,0.0003927000,-0.0013276944,-0.0015886729,0.0032892935,0.0004442324,0.0010680308,5.4563000000,0.0035526482
2024-07-16,0.0003927000,0.0013024215,0.0016728251,-0.0016283517,0.0001480556,-0.0051493582,5.4274000000,0.0010596983
2024-07-17,0.0003927000,-0.0008549856,-0.0002357281,0.0026329409,0.0001480556,0.0074454471,5.4670000000,-0.0067216138
2024-07-18,0.0003927000,-0.0029665715,-0.0042451286,-0.0138915068,0.0001480556,0.0139785280,5.5426000000,0.0059090404
2024-07-19,0.0003927000,-0.0002673359,-0.0016146175,-0.0002788831,0.0001480556,0.0022592908,5.5543000000,-0.0049833161
2024-07-22,0.0003927000,0.0016694756,0.0014964153,0.0019054752,0.0004442324,0.0014348961,5.5598000000,0.0118354700
2024-07-23,0.0003927000,-0.0019245293,-0.0038585115,-0.0099311253,0.0001480556,0.0039077401,5.5807000000,0.0021950106
2024-07-24,0.0003927000,-0.0004492884,0.0003168944,-0.0013200901,0.0001480556,0.0098077721,5.6346000000,-0.0137008515
2024-07-25,0.0003927000,-0.0019150958,-0.0002666021,-0.0037069283,0.0001480556,0.0011420621,5.6402000000,-0.0041445097
2024-07-26,0.0003927000,0.0022209022,0.0028728877,0.0122139742,0.0001480556,0.0012652026,5.6465000000,0.0122884002
2024-07-29,0.0003927000,-0.0003016757,0.0001735330,-0.0042247979,0.0004442324,0.0006922838,5.6479000000,0.0010749713
2024-07-30,0.0003927000,0.0014987198,0.0017805330,-0.0064168982,0.0001480556,0.0010865964,5.6532000000,-0.0040222620
2024-07-31,0.0003927000,0.0021992815,0.0029001978,0.0119915132,0.0001480556,0.0017226182,5.6621000000,0.0174702845
2024-08-01,0.0003927000,0.0001112556,0.0030025329,-0.0020110173,0.0001480556,0.0012078900,5.6681000000,-0.0126080241
2024-08-02,0.0003927000,0.0054713560,0.0092103572,-0.0120963051,0.0001480556,0.0122350233,5.7366000000,-0.0065056250
2024-08-05,0.0003927000,0.0011344880,0.0008479636,-0.0046446643,0.0004442324,0.0053273406,5.7646000000,-0.0251918263
2024-08-06,0.0003927000,-0.0028879812,-0.0041987405,0.0079601154,0.0001480556,-0.0192490496,5.6528000000,-0.0092277762
2024-08-07,0.0003927000,0.0009840906,0.0009613930,0.0098773469,0.0001480556,-0.0075483852,5.6093000000,-0.0153371439
2024-08-08,0.0003927000,0.0000445495,0.0031180219,0.0089950992,0.0001480556,0.0015566394,5.6172000000,0.0244908400
2024-08-09,0.0003927000,0.0028811347,0.0046775470,0.0151849575,0.0001480556,-0.0186719347,5.5115000000,-0.0141144591
2024-08-12,0.0003927000,0.0005514987,0.0017220095,0.0038380858,0.0004442324,-0.0032587635,5.4911000000,-0.0035220152
2024-08-13,0.0003927000,0.0029176876,0.0029031775,0.0097781428,0.0001480556,-0.0005076479,5.4875000000,0.0161905629
2024-08-14,0.0003927000,0.0004987537,0.0004670993,0.0069464056,0.0001480556,-0.0066502173,5.4502000000,-0.0029693650
2024-08-15,0.0003927000,-0.0018710164,-0.0019160975,0.0062689369,0.0001480556,0.0028823049,5.4651000000,0.0192055577
2024-08-16,0.0003927000,0.0000649475,-0.0026180878,-0.0014920976,0.0001480556,-0.0001996565,5.4632000000,0.0017826534
2024-08-19,0.0003927000,0.0022643869,-0.0028136344,0.0136221406,0.0004442324,-0.0067891742,5.4237000000,0.0025285460
2024-08-20,0.0003927000,-0.0007042367,-0.0035303985,0.0022789410,0.0001480556,0.0058645572,5.4547000000,0.0037504788
2024-08-21,0.0003927000,0.0009562109,0.0006735894,0.0027646937,0.0001480556,0.0030817401,5.4707000000,0.0072294968
2024-08-22,0.0003927000,-0.0030957480,-0.0010409698,-0.0094549721,0.0001480556,0.0150843701,5.5524000000,0.0058866110
2024-08-23,0.0003927000,0.0027358940,0.0032670586,0.0032186808,0.0001480556,-0.0045533104,5.5263000000,0.0067417424
2024-08-26,0.0003927000,0.0012211738,-0.0017175382,0.0094407082,0.0004442324,-0.0057471059,5.4921000000,-0.0093006500
2024-08-27,0.0003927000,-0.0009741752,-0.0009726967,-0.0008240271,0.0001480556,0.0010221676,5.4969000000,0.0025507945
2024-08-28,0.0003927000,-0.0018524152,-0.0029940229,0.0041531436,0.0001480556,0.0064434444,5.5315000000,0.0002850011
2024-08-29,0.0003927000,-0.0017073466,-0.0010700945,-0.0094842904,0.0001480556,0.0190064922,5.6358000000,0.0188681521
2024-08-30,0.0003927000,-0.0021521230,-0.0027114873,-0.0002744754,0.0001480556,0.0037683083,5.6562000000,0.0138905035
2024-09-02,0.0003927000,-0.0004410780,-0.0015212128,-0.0080728502,0.0004442324,-0.0054280402,5.6230000000,-0.0058696651
2024-09-03,0.0003927000,0.0009946753,-0.0007899523,-0.0040961092,0.0001480556,0.0000413352,5.6224000000,-0.0211552481
2024-09-04,0.0003927000,0.0031675663,0.0028586613,0.0130793039,0.0001480556,0.0025495209,5.6359000000,0.0008350357
2024-09-05,0.0003927000,0.0018958858,0.0031765571,0.0028782448,0.0001480556,-0.0053532113,5.6049000000,-0.0084652351
2024-09-06,0.0003927000,0.0007058309,0.0011206469,-0.0141392293,0.0001480556,-0.0060438725,5.5702000000,-0.0232216425
2024-09-09,0.0003927000,0.0004253420,-0.0006488815,0.0012243219,0.0004442324,0.0075386899,5.6097000000,0.0188601560
2024-09-10,0.0003927000,0.0000216601,-0.0015103622,-0.0030995892,0.0001480556,0.0029471936,5.6254000000,0.0073114998
2024-09-11,0.0003927000,0.0005430562,0.0001110505,0.0026591060,0.0001480556,0.0025126819,5.6387000000,0.0130656654
2024-09-12,0.0003927000,-0.0016896377,-0.0037271995,-0.0048064718,0.0001480556,0.0031101696,5.6554000000,0.0104947178
2024-09-13,0.0003927000,0.0010763022,0.0023572200,0.0063606926,0.0001480556,-0.0146541498,5.5717000000,-0.0093083665
2024-09-16,0.0003927000,-0.0004070924,-0.0020995739,0.0017516799,0.0004442324,-0.0087132340,5.5207000000,-0.0077077918
2024-09-17,0.0003927000,0.0001441927,0.0004801449,-0.0011695684,0.0001480556,-0.0034208608,5.5010000000,-0.0032821039
2024-09-18,0.0003927000,0.0012060277,0.0007767466,-0.0089841308,0.0001480556,-0.0042699771,5.4767000000,-0.0072842301
2024-09-19,0.0004016800,-0.0023117161,-0.0057439394,-0.0046731274,0.0001480556,-0.0104073076,5.4189000000,0.0063000028
2024-09-20,0.0004016800,-0.0033177595,-0.0043307248,-0.0154536414,0.0001341667,0.0109496204,5.4775000000,0.0088608899
2024-09-23,0.0004016800,-0.0020435421,0.0008708352,-0.0037925330,0.0004025540,0.0126575994,5.5446000000,0.0151040167
2024-09-24,0.0004016800,0.0044424396,0.0038176277,0.0121575386,0.0001341667,-0.0132860948,5.4702000000,-0.0109357630
2024-09-25,0.0004016800,0.0011613064,0.0010887352,-0.0043078713,0.0001341667,0.0007557995,5.4736000000,-0.0012351044
2024-09-26,0.0004016800,-0.0008156337,-0.0004189637,0.0108166912,0.0001341667,-0.0057859493,5.4412000000,-0.0018446284
2024-09-27,0.0004016800,-0.0006373126,-0.0000399918,-0.0021007478,0.0001341667,0.0004834012,5.4431000000,-0.0008724848
2024-09-30,0.0004016800,-0.0006558998,-0.0024499068,-0.0068855385,0.0004025540,0.0013215180,5.4481000000,0.0052471606
2024-10-01,0.0004016800,0.0012294408,0.0011414427,0.0051489784,0.0001341667,0.0008684661,5.4521000000,-0.0085682576
2024-10-02,0.0004016800,0.0012670611,0.0006912691,0.0076967340,0.0001341667,-0.0038281411,5.4305000000,-0.0037640178
2024-10-03,0.0004016800,-0.0002722120,-0.0004200435,-0.0138069193,0.0001341667,0.0101714214,5.4850000000,0.0083413786
2024-10-04,0.0004016800,-0.0005870714,-0.0020198551,0.0009116627,0.0001341667,-0.0028562071,5.4686000000,0.0061644547
2024-10-07,0.0004016800,0.0015451885,0.0030437775,0.0017170297,0.0004025540,-0.0006950606,5.4626000000,-0.0106601070
2024-10-08,0.0004016800,0.0014693170,0.0020805884,-0.0038336485,0.0001341667,0.0105884670,5.5197000000,0.0202474681
2024-10-09,0.0004016800,-0.0037275160,-0.0047175581,-0.0117835116,0.0001341667,0.0099186196,5.5737000000,0.0169959631
2024-10-10,0.0004016800,-0.0008264882,0.0020903416,0.0030070314,0.0001341667,0.0016055591,5.5819000000,-0.0004500380
2024-10-11,0.0004016800,-0.0020796965,0.0005845499,-0.0027661073,0.0001341667,0.0080895147,5.6263000000,0.0140627856
2024-10-14,0.0004016800,0.0033827233,-0.0007823458,0.0077924622,0.0004025540,-0.0034736658,5.6045000000,0.0038027588
2024-10-15,0.0004016800,-0.0010107432,-0.0023217832,0.0002902174,0.0001341667,0.0060766179,5.6378000000,-0.0016282204
2024-10-16,0.0004016800,-0.0010009161,-0.0017300839,0.0053909674,0.0001341667,0.0067156306,5.6749000000,0.0113039062
2024-10-17,0.0004016800,-0.0007545417,-0.0001829628,-0.0072585354,0.0001341667,0.0002927810,5.6758000000,-0.0000024852
2024-10-18,0.0004016800,-0.0004005492,-0.0033519298,-0.0022489665,0.0001341667,-0.0013812415,5.6672000000,0.0025072223
2024-10-21,0.0004016800,0.0014841283,-0.0006252279,-0.0010551784,0.0004025540,0.0073929445,5.7068000000,0.0051908840
2024-10-22,0.0004016800,0.0003717174,-0.0001395516,-0.0031465564,0.0001341667,-0.0017936170,5.6958000000,-0.0023970728
2024-10-23,0.0004016800,-0.0007041323,-0.0024210282,-0.0055271445,0.0001341667,0.0034879647,5.7149000000,-0.0058520878
2024-10-24,0.0004016800,0.0039394670,0.0070406597,0.0064522165,0.0001341667,-0.0009508623,5.7087000000,0.0010579277
2024-10-25,0.0004016800,-0.0008170805,-0.0028682543,-0.0013349279,0.0001341667,-0.0019331312,5.6969000000,-0.0023580603
2024-10-28,0.0004016800,-0.0000052973,-0.0017144584,0.0101564884,0.0004025540,0.0007362030,5.6988000000,0.0029984824
2024-10-29,0.0004016800,-0.0009106493,-0.0019608767,-0.0036783821,0.0001341667,0.0028017527,5.7140000000,0.0042854962
2024-10-30,0.0004016800,0.0009421023,0.0011377367,-0.0006930318,0.0001341667,0.0117037971,5.7801000000,0.0082359976
2024-10-31,0.0004016800,-0.0004050345,0.0009905880,-0.0070882176,0.0001341667,-0.0002465007,5.7779000000,-0.0189120524
2024-11-01,0.0004016800,-0.0042919457,-0.0033155566,-0.0122776896,0.0001341667,0.0052232033,5.8073000000,0.0092442643
2024-11-04,0.0004016800,0.0042405127,0.0073314060,0.0186858101,0.0004025540,-0.0026121077,5.7898000000,-0.0057686835
2024-11-05,0.0004016800,0.0012832534,0.0009978819,0.0011183407,0.0001341667,-0.0007640850,5.7846000000,0.0113675045
2024-11-06,0.0004016800,0.0002823213,0.0009519107,-0.0024477894,0.0001341667,-0.0032891740,5.7648000000,0.0217907324
2024-11-07,0.0004195700,0.0010329599,0.0045097298,-0.0050576596,0.0001341667,-0.0176311918,5.6624000000,-0.0104404862
2024-11-08,0.0004195700,-0.0005742345,0.0024740487,-0.0142803495,0.0001341667,0.0182207975,5.7648000000,0.0221264912
2024-11-11,0.0004195700,-0.0005368834,-0.0011821302,0.0003434254,0.0003817152,0.0061430032,5.7980000000,0.0067339511
2024-11-12,0.0004195700,-0.0010999459,-0.0087871754,-0.0013715095,0.0001272222,-0.0048061408,5.7694000000,-0.0077522769
2024-11-13,0.0004195700,-0.0004917528,0.0003656541,0.0002784688,0.0001272222,0.0004565878,5.7713000000,0.0006055618
2024-11-14,0.0004195700,0.0010675195,0.0016279946,0.0004518770,0.0001272222,0.0031078658,5.7885000000,-0.0029691265
2024-11-18,0.0004195700,-0.0012394538,0.0007659276,-0.0001831889,0.0005089860,-0.0043652221,5.7603000000,-0.0138795594
2024-11-19,0.0004195700,0.0017585137,0.0031516700,0.0033581128,0.0001272222,0.0025579604,5.7743000000,0.0064163099
2024-11-21,0.0004195700,0.0011916669,0.0035815681,-0.0099467032,0.0002544606,0.0077031456,5.8173000000,0.0130339800
2024-11-22,0.0004195700,-0.0004233226,-0.0033238907,0.0173602535,0.0001272222,-0.0007152001,5.8124000000,0.0026654424
2024-11-25,0.0004195700,0.0013585393,0.0015050720,-0.0006924271,0.0003817152,-0.0017180468,5.8002000000,0.0009208545
2024-11-26,0.0004195700,0.0006982707,-0.0003906675,0.0068684655,0.0001272222,-0.0000796935,5.7990000000,0.0055829476
2024-11-27,0.0004195700,-0.0051179657,-0.0069599005,-0.0173470498,0.0001272222,0.0053184327,5.8291000000,0.0014298809
2024-11-28,0.0004195700,-0.0039445796,-0.0043467952,-0.0239542046,0.0001272222,0.0272360557,5.9871000000,0.0271053851
2024-11-29,0.0004195700,-0.0003885390,0.0014081198,0.0084858079,0.0001272222,0.0112191444,6.0535000000,0.0168601190
2024-12-02,0.0004195700,0.0000422462,0.0025602726,-0.0034399416,0.0003817152,0.0020177570,6.0634000000,0.0042063095
2024-12-03,0.0004195700,-0.0033865646,-0.0048856679,0.0072156833,0.0001272222,0.0013313204,6.0707000000,0.0016758164
2024-12-04,0.0004195700,0.0005685594,0.0018129914,-0.0004136700,0.0001272222,-0.0019485850,6.0581000000,0.0039831600
2024-12-05,0.0004195700,0.0000392500,-0.0010385442,0.0140423653,0.0001272222,-0.0119573113,5.9849000000,-0.0138696708
2024-12-06,0.0004195700,-0.0040680066,-0.0045110762,-0.0149534349,0.0001272222,0.0075468364,6.0293000000,0.0100469018
2024-12-09,0.0004195700,-0.0025193080,-0.0023629898,0.0100402023,0.0003817152,0.0049777004,6.0570000000,-0.0014377708
2024-12-10,0.0004195700,0.0053502453,0.0071000927,0.0080048619,0.0001272222,-0.0005497667,6.0529000000,-0.0036180606
2024-12-11,0.0004195700,0.0030427483,0.0092739683,0.0106436565,0.0001272222,-0.0033261074,6.0320000000,0.0046991106
2024-12-12,0.0004551300,-0.0020859635,-0.0064489266,-0.0274018775,0.0001272222,-0.0149940647,5.9408000000,-0.0204519927
2024-12-13,0.0004551300,-0.0047474337,-0.0086069998,-0.0113453263,0.0001272222,0.0168274344,6.0400000000,0.0167991814
2024-12-16,0.0004551300,-0.0053329152,-0.0113383097,-0.0084434737,0.0003817152,0.0021870398,6.0509000000,0.0057449816
2024-12-17,0.0004551300,0.0003506897,-0.0046976555,0.0092099340,0.0001272222,0.0195648202,6.1685000000,0.0155168627
2024-12-18,0.0004551300,-0.0068620700,-0.0098039928,-0.0314853385,0.0001272222,-0.0008617988,6.1624000000,-0.0304335597
2024-12-19,0.0004551300,0.0089550209,0.0110200492,0.0034447588,0.0001272222,0.0036490255,6.1841000000,0.0026553786
2024-12-20,0.0004551300,0.0054923742,0.0072026892,0.0075439869,0.0001202778,-0.0170386882,6.0780000000,-0.0064262392
2024-12-23,0.0004551300,-0.0053297254,-0.0022786573,-0.0109382185,0.0003608767,0.0140545301,6.1612000000,0.0211373705
2024-12-24,0.0004551300,0.0005384275,0.0005935463,0.0000000000,0.0001202778,-0.0010322337,6.1541000000,0.0098765236
2024-12-26,0.0004551300,-0.0030513945,-0.0010360051,0.0025746363,0.0002405700,0.0021096925,6.1656000000,0.0015429313
2024-12-27,0.0004551300,-0.0022325727,-0.0046164465,-0.0066749809,0.0001202778,0.0055543036,6.1991000000,-0.0055960947
2024-12-30,0.0004551300,-0.0018623250,-0.0046481484,0.0001171537,0.0003608767,-0.0007364525,6.1923000000,-0.0117799852
2024-12-31,0.0004551300,0.0005500137,0.0005543742,0.0000000000,0.0001202778,0.0001202778,6.1923000000,-0.0041955173
2025-01-02,0.0004551300,0.0037177830,0.0033278023,-0.0013136476,0.0002405700,0.0028735047,6.2086000000,0.0004394009
2025-01-03,0.0004551300,0.0040798157,0.0017104804,-0.0132587291,0.0001202778,-0.0083045347,6.1563000000,0.0041444771
2025-01-06,0.0004551300,0.0034888750,0.0037692287,0.0125605867,0.0003608767,-0.0068538501,6.1119000000,-0.0016374856
2025-01-07,0.0004551300,-0.0007120742,-0.0004699504,0.0095077949,0.0001202778,-0.0060651223,6.0741000000,-0.0172096775
2025-01-08,0.0004551300,-0.0003386956,0.0011101012,-0.0126949177,0.0001202778,0.0096701660,6.1321000000,0.0111469506
2025-01-09,0.0004551300,0.0021759698,0.0002333018,0.0013044986,0.0001202778,-0.0068112973,6.0896000000,-0.0069307415
2025-01-10,0.0004551300,-0.0025884513,-0.0025643854,-0.0077147744,0.0001202778,0.0012534934,6.0965000000,-0.0141006317
2025-01-13,0.0004551300,0.0017694719,-0.0019291835,0.0012658123,0.0003608767,0.0022314769,6.1079000000,0.0034489752
2025-01-14,0.0004551300,0.0023811293,0.0026299050,0.0024514539,0.0001202778,-0.0065603993,6.0671000000,-0.0055383455
2025-01-15,0.0004551300,0.0045576430,0.0028663136,0.0280936074,0.0001202778,-0.0047261128,6.0377000000,0.0134771168
2025-01-16,0.0004551300,-0.0025905355,-0.0022930211,-0.0115455173,0.0001202778,-0.0007907747,6.0322000000,-0.0030033745
2025-01-17,0.0004551300,-0.0012893912,-0.0035147470,0.0092073074,0.0001202778,0.0048786498,6.0609000000,0.0148167882
2025-01-20,0.0004551300,0.0025294769,-0.0019581852,0.0041256104,0.0003608767,-0.0014711954,6.0498000000,-0.0018314112
2025-01-21,0.0004551300,0.0000351053,-0.0034873978,0.0039330057,0.0001202778,-0.0008385469,6.0440000000,0.0078266800
2025-01-22,0.0004551300,0.0014883637,0.0010799769,-0.0029720685,0.0001202778,-0.0125549726,5.9674000000,-0.0065971084
2025-01-23,0.0004551300,-0.0021720963,-0.0017233988,-0.0039720498,0.0001202778,-0.0044886487,5.9399000000,0.0006964183
2025-01-24,0.0004551300,-0.0002089007,0.0019207221,-0.0002970200,0.0001202778,-0.0078606144,5.8925000000,-0.0107181968
2025-01-27,0.0004551300,0.0016308996,0.0002678262,0.0197192351,0.0003608767,0.0062518436,5.9272000000,-0.0087692746
2025-01-28,0.0004551300,0.0008907031,0.0004489140,-0.0064551523,0.0001202778,-0.0056504257,5.8930000000,0.0033953223
2025-01-29,0.0004551300,-0.0008208507,-0.0004603632,-0.0050250090,0.0001202778,-0.0055481453,5.8596000000,-0.0103149381
2025-01-30,0.0004903700,0.0063712570,0.0111129333,0.0281989809,0.0001202778,0.0071181840,5.9006000000,0.0123251517
2025-01-31,0.0004903700,0.0011527862,-0.0013526969,-0.0061289336,0.0001202778,-0.0118290968,5.8301000000,-0.0168719560
2025-02-03,0.0004903700,0.0026818259,0.0031529046,-0.0013040003,0.0003608767,0.0069840787,5.8687000000,-0.0009769810
2025-02-04,0.0004903700,0.0013134623,-0.0014746325,-0.0065335953,0.0001202778,-0.0128313369,5.7927000000,-0.0058127753
2025-02-05,0.0004903700,-0.0020581945,-0.0030003013,0.0030895563,0.0001202778,0.0013288406,5.7997000000,0.0051313067
2025-02-06,0.0004903700,-0.0001546062,0.0020507659,0.0055018530,0.0001202778,-0.0023111749,5.7856000000,0.0012038039
2025-02-07,0.0004903700,-0.0021503808,-0.0004982161,-0.0127181090,0.0001202778,-0.0050483471,5.7557000000,-0.0145172342
2025-02-10,0.0004903700,0.0001400111,0.0003701757,0.0076425500,0.0003608767,0.0047233449,5.7808000000,0.0112488690
2025-02-11,0.0004903700,0.0021750626,0.0020726238,0.0075641977,0.0001202778,-0.0002257367,5.7788000000,0.0000176836
2025-02-12,0.0004903700,-0.0003199497,-0.0003343234,-0.0169255604,0.0001202778,-0.0012123391,5.7711000000,-0.0039457502
2025-02-13,0.0004903700,0.0018097145,0.0015986834,0.0037784950,0.0001202778,0.0014546726,5.7788000000,0.0117848573
2025-02-14,0.0004903700,0.0040379739,0.0072750891,0.0269796167,0.0001202778,-0.0086196118,5.7283000000,-0.0085788022
2025-02-17,0.0004903700,0.0043298999,0.0037108895,0.0026013389,0.0003608767,-0.0027476238,5.7105000000,-0.0031073792
2025-02-18,0.0004903700,0.0005213751,-0.0002145247,-0.0001588461,0.0001202778,-0.0020864494,5.6979000000,0.0003854218
2025-02-19,0.0004903700,-0.0016869043,-0.0012495222,-0.0095144615,0.0001202778,0.0020159409,5.7087000000,0.0042942419
2025-02-20,0.0004903700,0.0004987076,0.0013554807,0.0022919076,0.0001202778,-0.0010710299,5.7019000000,-0.0053866629
2025-02-21,0.0004903700,0.0031027782,0.0019447041,-0.0037031180,0.0001202778,0.0002605988,5.7027000000,-0.0168903170
2025-02-24,0.0004903700,-0.0009467325,-0.0056963485,-0.0135822099,0.0003608767,0.0044130514,5.7258000000,-0.0009025570
2025-02-25,0.0004903700,0.0002029831,0.0030008322,0.0046101566,0.0001202778,0.0092205374,5.7779000000,0.0043938428
2025-02-26,0.0004903700,-0.0033044301,-0.0037511903,-0.0096110081,0.0001202778,-0.0002605292,5.7757000000,-0.0002235433
2025-02-27,0.0004903700,-0.0001982761,-0.0031056769,0.0002424486,0.0001202778,0.0082761143,5.8228000000,-0.0078302805
2025-02-28,0.0004903700,-0.0039066769,-0.0020908382,-0.0160247329,0.0001202778,0.0045860206,5.8488000000,0.0205167657
2025-03-05,0.0004903700,0.0047743728,0.0059253054,0.0020176045,0.0006015336,-0.0092183488,5.7914000000,-0.0282770321
2025-03-06,0.0004903700,-0.0001681571,0.0000901237,0.0025250545,0.0001202778,-0.0072190723,5.7489000000,-0.0249984966
2025-03-07,0.0004903700,0.0039433434,0.0022494192,0.0135952765,0.0001202778,0.0035822259,5.7688000000,0.0091515157
2025-03-10,0.0004903700,-0.0013663809,0.0002364487,-0.0041208584,0.0003608767,0.0045573705,5.7930000000,-0.0227121529
2025-03-11,0.0004903700,0.0037799648,0.0039977169,-0.0081274899,0.0001202778,0.0073022221,5.8346000000,-0.0004302271
2025-03-12,0.0004903700,-0.0010655715,-0.0007557872,0.0028836341,0.0001202778,-0.0012167356,5.8268000000,0.0035647225
2025-03-13,0.0004903700,0.0026007154,0.0026974621,0.0143190690,0.0001202778,-0.0022312098,5.8131000000,-0.0161273151
2025-03-14,0.0004903700,0.0001481904,-0.0014281560,0.0264251542,0.0001202778,-0.0121293934,5.7419000000,0.0089602965
2025-03-17,0.0004903700,0.0023350904,0.0004685886,0.0145542211,0.0003608767,-0.0055103787,5.7082000000,0.0005804754
2025-03-18,0.0004903700,0.0018414192,0.0030501901,0.0048975816,0.0001202778,-0.0039094981,5.6852000000,-0.0146037112
2025-03-19,0.0004903700,0.0012425842,0.0029072495,0.0078624995,0.0001202778,-0.0033100933,5.6657000000,0.0073385339
2025-03-20,0.0005253100,-0.0037779651,-0.0040566796,-0.0041774694,0.0001202778,-0.0003916358,5.6628000000,-0.0025730993
2025-03-21,0.0005253100,-0.0011317516,0.0011666186,0.0029554037,0.0001202778,0.0109466133,5.7241000000,0.0116858986
2025-03-24,0.0005253100,-0.0009421244,-0.0022730075,-0.0077331288,0.0003608767,0.0031920373,5.7403000000,0.0205331113
2025-03-25,0.0005253100,-0.0010684744,0.0006086212,0.0056826212,0.0001202778,-0.0070404879,5.6992000000,-0.0055574035
2025-03-26,0.0005253100,-0.0014897551,-0.0003305252,0.0034220330,0.0001202778,0.0054900982,5.7298000000,-0.0058475102
2025-03-27,0.0005253100,0.0031521133,0.0007142941,0.0047473721,0.0001202778,0.0031923077,5.7474000000,-0.0002414835
2025-03-28,0.0005253100,-0.0006985558,0.0001962933,-0.0093622358,0.0001202778,0.0033569130,5.7660000000,-0.0165333316
2025-03-31,0.0005253100,0.0017267285,0.0028611741,-0.0124534712,0.0003608767,-0.0037682577,5.7422000000,0.0014914695
2025-04-01,0.0005253100,0.0022225417,-0.0010717482,0.0068152398,0.0001202778,-0.0063414376,5.7051000000,-0.0026789627
2025-04-02,0.0005253100,0.0000137104,-0.0002851459,0.0003282569,0.0001202778,-0.0021235987,5.6923000000,0.0044985666
2025-04-03,0.0005253100,0.0075217154,0.0087933584,-0.0003787626,0.0001202778,-0.0149193891,5.6067000000,-0.0626611968
2025-04-04,0.0005253100,0.0020773027,0.0012664797,-0.0296220127,0.0001202778,0.0306231703,5.7777000000,-0.0309355088
2025-04-07,0.0005253100,0.0001258053,-0.0014024945,-0.0131067297,0.0003608767,0.0194064652,5.8877000000,0.0166758310
2025-04-08,0.0005253100,-0.0018703472,-0.0026096816,-0.0131875562,0.0001202778,0.0084607003,5.9368000000,-0.0074883276
2025-04-09,0.0005253100,-0.0013568078,-0.0019307273,0.0311787386,0.0001202778,0.0209589246,6.0605000000,0.1179873795
2025-04-10,0.0005253100,-0.0005054869,-0.0031224527,-0.0112771980,0.0001202778,-0.0244681095,5.9115000000,-0.0581742527
2025-04-11,0.0005253100,0.0037897533,0.0061041508,0.0105073216,0.0001202778,-0.0062748075,5.8737000000,0.0116071700
2025-04-14,0.0005253100,0.0042756564,0.0035585925,0.0138743476,0.0003608767,-0.0049528539,5.8425000000,0.0025928170
2025-04-15,0.0005253100,-0.0009569183,-0.0016448165,-0.0016107663,0.0001202778,0.0049475592,5.8707000000,0.0031852310
2025-04-16,0.0005253100,0.0009822530,0.0004798911,-0.0071840087,0.0001202778,0.0018408928,5.8808000000,-0.0207010328
2025-04-17,0.0005253100,0.0016697963,0.0009327370,0.0103894351,0.0001202778,-0.0041143493,5.8559000000,-0.0028972135
2025-04-22,0.0005253100,-0.0002606818,-0.0048507988,0.0062811401,0.0006015336,-0.0175620182,5.7496000000,-0.0171043638
2025-04-23,0.0005253100,0.0042265266,0.0034796181,0.0134265767,0.0001202778,-0.0105947996,5.6880000000,0.0057889852
2025-04-24,0.0005253100,0.0047243099,0.0058421728,0.0178825464,0.0001202778,-0.0023765063,5.6738000000,0.0177124487
2025-04-25,0.0005253100,-0.0008863772,0.0018348128,0.0011803351,0.0001202778,0.0020239929,5.6846000000,0.0092942929
2025-04-28,0.0005253100,0.0008393405,0.0018658285,0.0020529277,0.0003608767,-0.0025427496,5.6681000000,-0.0022451335
2025-04-29,0.0005253100,0.0001575192,0.0013312566,0.0005710439,0.0001202778,-0.0036556919,5.6467000000,0.0020081603
2025-04-30,0.0005253100,0.0027429922,0.0022701891,-0.0001926081,0.0001202778,0.0026176118,5.6608000000,0.0040608193
2025-05-02,0.0005253100,-0.0003274975,0.0000605372,0.0004953839,0.0002405700,-0.0035407238,5.6394000000,0.0173029975
2025-05-05,0.0005253100,-0.0010829599,-0.0023997675,-0.0121557229,0.0003608767,0.0025959633,5.6520000000,-0.0041103308
2025-05-06,0.0005253100,0.0030707135,0.0044635897,0.0001842069,0.0001202778,0.0123298141,5.7210000000,0.0044333781
2025-05-07,0.0005253100,0.0003879472,0.0024959476,-0.0008860373,0.0001202778,0.0030047358,5.7375000000,0.0072506288
2025-05-08,0.0005426600,0.0023050004,0.0054976494,0.0212476214,0.0001202778,-0.0088568367,5.6860000000,-0.0032270489
2025-05-09,0.0005426600,0.0013675731,0.0024699411,0.0020551721,0.0001202778,-0.0060183430,5.6511000000,-0.0066703513
2025-05-12,0.0005426600,-0.0012007587,-0.0003375048,0.0003757915,0.0003608767,0.0058662161,5.6822000000,0.0383602597
2025-05-13,0.0005426600,-0.0005505058,0.0013186162,0.0175737706,0.0001202778,-0.0097362453,5.6262000000,-0.0026521233
2025-05-14,0.0005426600,-0.0015604498,-0.0026795768,-0.0038878664,0.0001202778,-0.0027594543,5.6100000000,-0.0018125145
2025-05-15,0.0005426600,-0.0001019740,0.0021718673,0.0065851849,0.0001202778,0.0041849377,5.6328000000,0.0084634002
2025-05-16,0.0005426600,0.0026604855,0.0022907217,-0.0010549442,0.0001202778,0.0107201891,5.6925000000,0.0178114910
2025-05-19,0.0005426600,0.0016909539,0.0035978277,0.0032260106,0.0003608767,-0.0055086100,5.6591000000,-0.0048517507
2025-05-20,0.0005426600,-0.0003291433,-0.0017575364,0.0033889442,0.0001202778,0.0006327884,5.6620000000,-0.0033491537
2025-05-21,0.0005426600,-0.0015396614,-0.0031922588,-0.0159044029,0.0001202778,-0.0007452449,5.6571000000,-0.0169555119
2025-05-22,0.0005426600,0.0018598106,0.0024540265,-0.0044145227,0.0001202778,-0.0030796262,5.6390000000,-0.0036222781
2025-05-23,0.0005426600,0.0003775660,0.0008996490,0.0040190106,0.0001202778,0.0097330671,5.6932000000,0.0028993971
2025-05-26,0.0005426600,0.0008842542,0.0007202595,0.0022626636,0.0003608767,-0.0051388941,5.6619000000,-0.0054977868
2025-05-27,0.0005426600,0.0035773963,0.0037049984,0.0101717769,0.0001202778,-0.0012928454,5.6539000000,0.0191011305
2025-05-28,0.0005426600,-0.0007393066,-0.0021534302,-0.0046826304,0.0001202778,0.0071428242,5.6936000000,0.0014238493
2025-05-29,0.0005426600,0.0004099526,-0.0000051838,-0.0025496118,0.0001202778,-0.0065019884,5.6559000000,-0.0026209502
2025-05-30,0.0005426600,-0.0012131049,-0.0027382308,-0.0108787970,0.0001202778,0.0094567849,5.7087000000,0.0093446662
2025-06-02,0.0005426600,-0.0008525078,-0.0017307118,-0.0017512656,0.0003608767,-0.0022676399,5.6937000000,0.0015846047
2025-06-03,0.0005426600,0.0010665056,0.0001624347,0.0055532466,0.0001202778,-0.0041481106,5.6694000000,0.0015229793
2025-06-04,0.0005426600,0.0006803242,0.0014578716,-0.0039599768,0.0001202778,-0.0062656456,5.6332000000,-0.0062705694
2025-06-05,0.0005426600,-0.0022538807,-0.0011832121,-0.0055854100,0.0001202778,-0.0063244368,5.5969000000,-0.0116069455
2025-06-06,0.0005426600,0.0014396240,0.0012173243,-0.0009855665,0.0001202778,-0.0002728442,5.5947000000,0.0099997815
2025-06-09,0.0005426600,0.0018577955,-0.0009381603,-0.0029589551,0.0003608767,-0.0029827786,5.5760000000,-0.0023405118
2025-06-10,0.0005426600,0.0019890708,-0.0025441498,0.0054288384,0.0001202778,-0.0035207627,5.5557000000,0.0018553590
2025-06-11,0.0005426600,0.0006060434,0.0013823157,0.0050717527,0.0001202778,-0.0028860056,5.5390000000,-0.0057286074
2025-06-12,0.0005426600,0.0001220490,0.0003081085,0.0048983417,0.0001202778,0.0000841658,5.5388000000,0.0037968742
2025-06-13,0.0005426600,0.0012728068,0.0019048167,-0.0042606031,0.0001202778,0.0048872265,5.5652000000,-0.0064163010
2025-06-16,0.0005426600,0.0013814030,0.0007105856,0.0148913405,0.0003608767,-0.0091480520,5.5123000000,-0.0000396425
2025-06-17,0.0005426600,-0.0009118458,0.0006702661,-0.0029865160,0.0001202778,-0.0062299226,5.4773000000,-0.0146179112
2025-06-18,0.0005426600,0.0003020749,0.0013780043,-0.0008886487,0.0001202778,0.0020557706,5.4879000000,0.0016593351
2025-06-20,0.0005513100,0.0024748889,0.0033772770,-0.0115401440,0.0002405700,0.0016622206,5.4957000000,-0.0007037184
2025-06-23,0.0005513100,0.0006528748,-0.0009899014,-0.0041230105,0.0003608767,0.0050207451,5.5213000000,0.0143277397
2025-06-24,0.0005513100,0.0011748656,-0.0013403369,0.0044973105,0.0001202778,-0.0048610324,5.4938000000,0.0061072393
2025-06-25,0.0005513100,-0.0004495814,-0.0008866904,-0.0101871758,0.0001202778,0.0090222912,5.5427000000,0.0089061893
2025-06-26,0.0005513100,0.0017526867,0.0024622732,0.0099184421,0.0001202778,-0.0049681073,5.5145000000,0.0029033532
2025-06-27,0.0005513100,0.0006678265,0.0017617182,-0.0018094447,0.0001202778,-0.0068802921,5.4759000000,-0.0017446741
2025-06-30,0.0005513100,0.0046840315,0.0057390103,0.0145310965,0.0003608767,-0.0030735878,5.4571000000,0.0017983281
2025-07-01,0.0005513100,0.0006193353,0.0011489128,0.0050040114,0.0001202778,-0.0009793395,5.4511000000,-0.0021943434
2025-07-02,0.0005513100,-0.0001986209,-0.0008024816,-0.0035722109,0.0001202778,0.0001386249,5.4512000000,0.0047900434
2025-07-03,0.0005513100,-0.0003564061,0.0006309336,0.0134981478,0.0001202778,-0.0054571467,5.4208000000,0.0028725318
2025-07-04,0.0005513100,-0.0001993578,-0.0003641004,0.0023820698,0.0001202778,-0.0020567845,5.4090000000,-0.0021768005
2025-07-07,0.0005513100,-0.0009322728,-0.0023137743,-0.0125570954,0.0003608767,0.0089052791,5.4552000000,0.0006306535
2025-07-08,0.0005513100,0.0004423503,-0.0026356837,-0.0013395254,0.0001202778,0.0004686112,5.4571000000,-0.0003621382
2025-07-09,0.0005513100,0.0003249814,-0.0023457754,-0.0130798473,0.0001202778,0.0011282603,5.4626000000,0.0070882509
2025-07-10,0.0005513100,-0.0023562525,-0.0008512360,-0.0053646040,0.0001202778,0.0148952396,5.5433000000,0.0177028143
2025-07-11,0.0005513100,0.0006533535,0.0024444370,-0.0040656483,0.0001202778,0.0053344058,5.5722000000,0.0018992022
2025-07-14,0.0005513100,-0.0003810241,-0.0009153368,-0.0065227810,0.0003608767,-0.0019191174,5.5595000000,-0.0008726120
2025-07-15,0.0005513100,-0.0018052283,-0.0035243651,-0.0003613479,0.0001202778,-0.0002215207,5.5576000000,-0.0042037366
2025-07-16,0.0005513100,-0.0006641433,-0.0030172406,0.0019289450,0.0001202778,0.0027476270,5.5722000000,0.0058291752
2025-07-17,0.0005513100,0.0023614254,0.0021571457,0.0003966468,0.0001202778,0.0003895037,5.5737000000,0.0056558034
2025-07-18,0.0005513100,-0.0002521562,-0.0015431088,-0.0161041876,0.0001202778,-0.0047424273,5.5466000000,-0.0048907085
2025-07-21,0.0005513100,0.0014675785,0.0000123148,0.0058864200,0.0003608767,0.0032285322,5.5625000000,0.0042934894
2025-07-22,0.0005513100,0.0019543132,0.0002788929,-0.0009763971,0.0001202778,0.0016305718,5.5709000000,0.0021702122
2025-07-23,0.0005513100,0.0005933284,0.0010209437,0.0099417528,0.0001202778,-0.0029675660,5.5537000000,0.0047128581
2025-07-24,0.0005513100,-0.0004735800,0.0008330373,-0.0115291419,0.0001202778,-0.0052461598,5.5239000000,-0.0046633989
2025-07-25,0.0005513100,0.0003183790,-0.0008309451,-0.0021180413,0.0001202778,0.0035059743,5.5426000000,0.0074262265
2025-07-28,0.0005513100,0.0007191617,0.0005402071,-0.0104469468,0.0003608767,0.0085007886,5.5877000000,0.0083146538
2025-07-29,0.0005513100,0.0032981816,0.0031358440,0.0045139131,0.0001202778,-0.0019022644,5.5764000000,-0.0049709027
2025-07-30,0.0005513100,-0.0003919305,0.0002834537,0.0095238540,0.0001202778,0.0049626936,5.6034000000,0.0035922768
2025-07-31,0.0005513100,-0.0017809494,-0.0012700300,-0.0068564205,0.0001202778,-0.0001117521,5.6021000000,-0.0038470234
2025-08-01,0.0005513100,0.0027687987,0.0028482177,-0.0047618171,0.0001202778,-0.0103234909,5.5436000000,-0.0262262131
2025-08-04,0.0005513100,0.0020197078,0.0008390386,0.0040306593,0.0003608767,-0.0054677646,5.5113000000,0.0088632271
2025-08-05,0.0005513100,-0.0004746030,-0.0006018477,0.0013544286,0.0001202778,0.0002291581,5.5119000000,-0.0047349928
2025-08-06,0.0005513100,0.0012725510,0.0006162464,0.0104116145,0.0001202778,-0.0056316068,5.4802000000,0.0014896953
2025-08-07,0.0005513100,0.0023138310,0.0050254261,0.0147913275,0.0001202778,-0.0028726737,5.4638000000,-0.0037740371
2025-08-08,0.0005513100,0.0002327973,0.0009125416,-0.0044998957,0.0001202778,-0.0069086432,5.4254000000,0.0008082974
2025-08-11,0.0005513100,0.0020491270,0.0016372796,-0.0021344497,0.0003608767,0.0043989022,5.4473000000,0.0016220255
2025-08-12,0.0005513100,0.0019977319,-0.0003745882,0.0168889308,0.0001202778,-0.0076092513,5.4052000000,0.0035593433
2025-08-13,0.0005513100,-0.0005568928,0.0008205565,-0.0088922288,0.0001202778,-0.0021740853,5.3928000000,0.0009613025
2025-08-14,0.0005513100,0.0008240624,0.0011381873,-0.0024255359,0.0001202778,0.0032173718,5.4095000000,0.0034367672
2025-08-15,0.0005513100,0.0009307134,-0.0004918217,-0.0001100797,0.0001202778,-0.0029672550,5.3928000000,-0.0057508320
2025-08-18,0.0005513100,-0.0010517537,-0.0025535950,0.0071942530,0.0003608767,0.0045717119,5.4155000000,0.0041846921
2025-08-19,0.0005513100,-0.0035757785,-0.0076240106,-0.0210409663,0.0001202778,0.0104806780,5.4716000000,0.0045248855
2025-08-20,0.0005513100,0.0021054937,-0.0012066858,0.0017421414,0.0001202778,0.0003030617,5.4726000000,-0.0022241666
2025-08-21,0.0005513100,-0.0014606789,-0.0019952397,-0.0011555216,0.0001202778,0.0019843327,5.4828000000,-0.0020186026
2025-08-22,0.0005513100,0.0030421051,0.0046213004,0.0257027593,0.0001202778,-0.0078328199,5.4392000000,0.0071560257
2025-08-25,0.0005513100,0.0015533196,0.0025448837,0.0004132838,0.0003608767,-0.0036485120,5.4174000000,-0.0082370588
2025-08-26,0.0005513100,-0.0001573951,0.0008091352,-0.0018386502,0.0001202778,0.0009325732,5.4218000000,0.0050132085
2025-08-27,0.0005513100,0.0002408358,0.0002885542,0.0104115956,0.0001202778,0.0039939961,5.4428000000,0.0062757153
2025-08-28,0.0005513100,0.0027947065,0.0029602231,0.0132421915,0.0001202778,-0.0056311304,5.4115000000,-0.0025877951
2025-08-29,0.0005513100,-0.0004012347,-0.0018168255,0.0026448927,0.0001202778,0.0028740045,5.4264000000,-0.0035735836
2025-09-01,0.0005513100,-0.0000168260,-0.0039334556,-0.0009846399,0.0003608767,0.0024624752,5.4378000000,0.0021008403
2025-09-02,0.0005513100,-0.0011521877,-0.0009223838,-0.0067088746,0.0001202778,0.0056746623,5.4680000000,-0.0012072985
2025-09-03,0.0005513100,0.0007030026,-0.0016707047,-0.0033600275,0.0001202778,-0.0034463545,5.4485000000,0.0015343090
2025-09-04,0.0005513100,0.0008312983,-0.0003008931,0.0080765815,0.0001202778,0.0019925778,5.4587000000,0.0103241163
2025-09-05,0.0005513100,0.0023700375,0.0022265244,0.0116806301,0.0001202778,-0.0112207824,5.3968000000,-0.0143327845
2025-09-08,0.0005513100,0.0009997648,0.0023011388,-0.0059489566,0.0003608767,0.0061070943,5.4278000000,0.0079170061
2025-09-09,0.0005513100,0.0004783893,0.0008863297,-0.0012221459,0.0001202778,0.0001202778,5.4278000000,0.0027187189
2025-09-10,0.0005513100,0.0007134226,0.0029868841,0.0051575965,0.0001202778,-0.0027357347,5.4123000000,0.0001478757
2025-09-11,0.0005513100,0.0010732466,0.0013053062,0.0056350357,0.0001202778,-0.0047765660,5.3858000000,0.0035566580
2025-09-12,0.0005513100,0.0000580859,0.0006679053,-0.0061421924,0.0001202778,-0.0032408157,5.3677000000,-0.0038018299
2025-09-15,0.0005513100,0.0018895222,0.0016095547,0.0089617336,0.0003608767,-0.0083797245,5.3208000000,-0.0038484667
2025-09-16,0.0005513100,0.0018411378,0.0029692952,0.0035888002,0.0001202778,-0.0019849220,5.3096000000,-0.0033546868
2025-09-17,0.0005513100,0.0012215037,0.0021257213,0.0106335659,0.0001202778,-0.0014807887,5.3011000000,-0.0025534661
2025-09-18,0.0005513100,-0.0005210320,-0.0021073278,-0.0006465942,0.0001202778,0.0001014115,5.3010000000,0.0047855956
2025-09-19,0.0005513100,0.0001709549,-0.0018719358,0.0025128610,0.0001133333,0.0051318232,5.3276000000,0.0099308443
2025-09-22,0.0005513100,-0.0011894543,-0.0028586505,-0.0051819109,0.0003400385,0.0037385960,5.3457000000,0.0079042200
2025-09-23,0.0005513100,0.0020380411,0.0038870455,0.0090668927,0.0001136111,-0.0072576361,5.3063000000,-0.0128325833
2025-09-24,0.0005513100,-0.0000651583,0.0004647874,0.0004562747,0.0001136111,0.0010371467,5.3112000000,-0.0019196566
2025-09-25,0.0005513100,-0.0007483797,-0.0003847777,-0.0080927424,0.0001136111,0.0060074875,5.3425000000,0.0008653543
2025-09-26,0.0005513100,0.0006974041,0.0007538227,0.0009664417,0.0001136111,0.0004880102,5.3445000000,0.0063058701
2025-09-29,0.0005513100,-0.0002173291,-0.0021594840,0.0061200443,0.0003408721,-0.0037020436,5.3229000000,-0.0014079189
2025-09-30,0.0005513100,0.0013462184,-0.0005639451,-0.0006818517,0.0001136111,-0.0006943110,5.3186000000,0.0033797990
2025-10-01,0.0005513100,0.0002276248,0.0011329015,-0.0049212573,0.0001136111,0.0005273008,5.3208000000,0.0038655785
2025-10-02,0.0005513100,-0.0017456589,-0.0021044697,-0.0107733545,0.0001136111,0.0046435198,5.3449000000,0.0051613621
2025-10-03,0.0005513100,-0.0004161777,-0.0000008684,0.0017437348,0.0001136111,0.0010304770,5.3498000000,0.0010861885
2025-10-06,0.0005513100,0.0013535353,0.0002752917,-0.0041093435,0.0003408721,-0.0047451633,5.3226000000,-0.0013832295
2025-10-07,0.0005513100,-0.0015362046,-0.0025808003,-0.0156791317,0.0001136111,0.0026878336,5.3363000000,-0.0012404210
2025-10-08,0.0005513100,0.0009482037,0.0011016873,0.0055812813,0.0001136111,0.0013130802,5.3427000000,0.0070336891
2025-10-09,0.0005513100,0.0021271478,0.0004575055,-0.0030756540,0.0001138889,0.0021917267,5.3538000000,-0.0006492307
2025-10-10,0.0005513100,-0.0008838846,-0.0020329092,-0.0072532858,0.0001138889,0.0170757368,5.4446000000,-0.0104804151
2025-10-13,0.0005513100,0.0008104650,-0.0011010514,0.0078406123,0.0003417056,0.0037039826,5.4629000000,0.0190114909
2025-10-14,0.0005513100,0.0011817243,0.0001584137,-0.0007079110,0.0001138889,0.0065763942,5.4982000000,0.0049027772
2025-10-15,0.0005513100,0.0016811853,0.0026928697,0.0064980983,0.0001138889,-0.0093084492,5.4464000000,-0.0053574965
2025-10-16,0.0005513100,-0.0000123508,-0.0010930233,-0.0028305024,0.0001138889,-0.0019060239,5.4354000000,-0.0082986853
2025-10-17,0.0005513100,0.0001547534,-0.0010426439,0.0084290424,0.0001141667,0.0007765670,5.4390000000,0.0059567408
2025-10-20,0.0005513100,0.0021050225,0.0029524288,0.0077454715,0.0003425391,-0.0110421278,5.3771000000,-0.0008172481
2025-10-21,0.0005513100,0.0012330360,0.0013623782,-0.0029352432,0.0001141667,0.0015463288,5.3848000000,0.0014681991
2025-10-22,0.0005513100,0.0015575686,0.0039180082,0.0054664898,0.0001141667,0.0010428123,5.3898000000,-0.0043981037
2025-10-23,0.0005513100,0.0007592173,0.0028641913,0.0058547226,0.0001141667,-0.0009620629,5.3840000000,0.0047590550
2025-10-24,0.0005513100,0.0022903435,0.0041951187,0.0030965342,0.0001141667,-0.0006845872,5.3797000000,0.0071421979
2025-10-27,0.0005513100,0.0009353325,0.0006114103,0.0054517203,0.0003425391,-0.0006429834,5.3744000000,0.0112981618
2025-10-28,0.0005513100,-0.0006637226,-0.0015122612,0.0031285488,0.0001144444,-0.0008904339,5.3690000000,0.0012853713
2025-10-29,0.0005513100,-0.0004039576,-0.0009022663,0.0081668520,0.0001144444,-0.0049895108,5.3416000000,-0.0051404721
2025-10-30,0.0005513100,-0.0009128154,-0.0009980736,0.0009909648,0.0001144444,0.0082402807,5.3850000000,-0.0018544190
2025-10-31,0.0005513100,0.0028446542,0.0020918709,0.0051096174,0.0001075000,-0.0000225047,5.3843000000,0.0025604268
2025-11-03,0.0005513100,-0.0001612436,-0.0004610523,0.0061107889,0.0003217012,-0.0059578289,5.3505000000,-0.0045060408
2025-11-04,0.0005513100,0.0000159256,-0.0008784153,0.0016613689,0.0001075000,0.0064814213,5.3846000000,-0.0054276999
2025-11-05,0.0005513100,0.0014544696,0.0015827478,0.0171875767,0.0001075000,-0.0007840269,5.3798000000,0.0027637590
2025-11-06,0.0005513100,-0.0000095752,0.0023062084,0.0002882688,0.0001075000,-0.0063432473,5.3451000000,-0.0175487962
2025-11-07,0.0005513100,0.0008728414,0.0018661468,0.0047274454,0.0001075000,0.0022779453,5.3567000000,0.0035380959
2025-11-10,0.0005513100,0.0021400019,0.0018841315,0.0077486216,0.0003225347,-0.0068857185,5.3181000000,0.0082110222
2025-11-11,0.0005513100,0.0029308800,0.0048954389,0.0160462010,0.0001075000,-0.0083926897,5.2729000000,-0.0064412614
2025-11-12,0.0005513100,0.0008472457,0.0028219962,-0.0007334455,0.0001075000,0.0030663418,5.2885000000,0.0036312143
2025-11-13,0.0005513100,0.0003261381,-0.0011865656,-0.0029845927,0.0001075000,-0.0011217141,5.2820000000,-0.0177356290
2025-11-14,0.0005513100,0.0005835836,0.0014514976,0.0036666524,0.0001077778,0.0026071005,5.2952000000,0.0022073928
2025-11-17,0.0005513100,-0.0008194826,-0.0016905868,-0.0047278192,0.0003233682,0.0032703852,5.3108000000,-0.0061456908
2025-11-18,0.0005513100,0.0007537587,0.0004687073,-0.0029988612,0.0001077778,0.0048721686,5.3361000000,-0.0034583252
2025-11-19,0.0005513100,0.0006711627,0.0023641810,-0.0072927068,0.0001077778,-0.0001733567,5.3346000000,0.0035045524
2025-11-21,0.0005513100,0.0008143472,0.0003224577,-0.0039294466,0.0002155672,0.0106403386,5.3902000000,0.0046833096
2025-11-24,0.0005513100,0.0019315019,0.0003960312,0.0032787987,0.0003233682,0.0011770448,5.3948000000,0.0163474108
2025-11-25,0.0005513100,0.0013983612,0.0030299385,0.0040741238,0.0001077778,-0.0018758274,5.3841000000,0.0071236282
2025-11-26,0.0005513100,0.0014451951,0.0018292089,0.0169633567,0.0001077778,-0.0026227778,5.3694000000,0.0041743804
2025-11-27,0.0005513100,0.0007483609,0.0000765072,-0.0012309929,0.0001077778,-0.0036919389,5.3490000000,-0.0037993072
2025-11-28,0.0005513100,0.0006015488,-0.0008355603,0.0044984281,0.0001077778,-0.0027341811,5.3338000000,0.0025344556
2025-12-01,0.0005513100,0.0000441303,-0.0009681636,-0.0028988107,0.0003242017,0.0027810330,5.3469000000,-0.0027595089
2025-12-02,0.0005513100,0.0021962230,0.0041932100,0.0156435546,0.0001080556,0.0000332378,5.3465000000,0.0024117872
2025-12-03,0.0005513100,0.0003354059,0.0029298578,0.0041152197,0.0001080556,-0.0064576964,5.3114000000,-0.0035715673
2025-12-04,0.0005513100,0.0015279503,0.0023410298,0.0166945504,0.0001080556,-0.0029423173,5.2952000000,-0.0019053620
2025-12-05,0.0005513100,-0.0101859468,-0.0107489506,-0.0430891351,0.0001080556,0.0086638976,5.3405000000,0.0106623623
2025-12-08,0.0005513100,0.0022795792,0.0006800015,0.0051984071,0.0003242017,0.0161330890,5.4249000000,0.0123566706
2025-12-09,0.0005513100,0.0001137287,-0.0031434162,-0.0013041491,0.0001080556,0.0060258547,5.4570000000,0.0050456599
2025-12-10,0.0005513100,-0.0013157236,-0.0005746629,0.0069238649,0.0001080556,0.0016841833,5.4656000000,0.0083690348
2025-12-11,0.0005513100,0.0021880510,0.0047723146,0.0007174605,0.0001080556,-0.0075589028,5.4237000000,-0.0055916819
2025-12-12,0.0005513100,0.0031704087,0.0022534343,0.0099081533,0.0001011111,-0.0040662073,5.4011000000,-0.0147267384
2025-12-15,0.0005513100,0.0012119912,0.0013725603,0.0106699554,0.0003033640,-0.0012153058,5.3929000000,-0.0029443175
2025-12-16,0.0005513100,-0.0015452927,-0.0030134662,-0.0240264537,0.0001011111,0.0107829009,5.4505000000,0.0083098516
2025-12-17,0.0005513100,-0.0036974319,-0.0080844263,-0.0078864719,0.0001011111,0.0108902030,5.5093000000,-0.0009088474
2025-12-18,0.0005513100,0.0004478645,0.0010447951,0.0037887903,0.0001011111,0.0035501738,5.5283000000,0.0114212229
2025-12-19,0.0005513100,0.0020206068,0.0041712246,0.0034806761,0.0001011111,-0.0021240293,5.5160000000,0.0065968080
2025-12-22,0.0005513100,-0.0016067905,-0.0027064265,-0.0020910184,0.0003033640,0.0044561825,5.5389000000,0.0106754360
2025-12-23,0.0005513100,0.0011043326,0.0016520711,0.0146335896,0.0001011111,0.0046873229,5.5643000000,0.0091604236
2025-12-24,0.0005513100,0.0005172429,0.0002099954,0.0000000000,0.0001011111,-0.0051651331,5.5350000000,-0.0020587675
2025-12-26,0.0005513100,0.0019457480,0.0032159638,0.0027472358,0.0002022324,0.0013406740,5.5413000000,0.0009290143
2025-12-29,0.0005513100,0.0008974176,0.0021504605,-0.0025254723,0.0003033640,0.0061882447,5.5739000000,0.0024018539
2025-12-30,0.0005513100,0.0009531414,0.0010008877,0.0039570616,0.0001011111,-0.0127278290,5.5024000000,-0.0141836809
2025-12-31,0.0005513100,0.0005146167,0.0004630695,0.0000000000,0.0001011111,0.0001011111,5.5024000000,-0.0072801650
2026-01-02,0.0005513100,0.0033565789,0.0019194350,-0.0036411398,0.0002022324,-0.0116495387,5.4372000000,-0.0097478315
2026-01-05,0.0005513100,0.0007533893,-0.0022262052,0.0082912723,0.0003033640,-0.0000829814,5.4351000000,0.0059681739
2026-01-06,0.0005513100,0.0006016498,-0.0025095393,0.0110837256,0.0001011111,-0.0100929242,5.3797000000,-0.0039864713
2026-01-07,0.0005513100,-0.0000196648,-0.0000630966,-0.0103177317,0.0001011111,0.0016441041,5.3880000000,-0.0018963530
2026-01-08,0.0005513100,0.0008145262,0.0010351041,0.0059344873,0.0001011111,-0.0002701217,5.3860000000,-0.0002939160
2026-01-09,0.0005513100,-0.0005405696,-0.0016212723,0.0026625713,0.0001011111,-0.0027398742,5.3707000000,0.0036581861
2026-01-12,0.0005513100,0.0018020400,0.0001312947,-0.0013463891,0.0003033640,0.0012904994,5.3760000000,0.0026503549
2026-01-13,0.0005513100,0.0006598700,-0.0000975818,-0.0072160434,0.0001011111,0.0001755234,5.3764000000,-0.0018464534
2026-01-14,0.0005513100,-0.0006224907,-0.0042352122,0.0195892465,0.0001011111,0.0006777634,5.3795000000,-0.0047394203
2026-01-15,0.0005513100,-0.0001559760,0.0009599732,0.0025573738,0.0001011111,0.0010492505,5.3846000000,0.0035562777
2026-01-16,0.0005513100,-0.0021780730,-0.0006429090,-0.0046406221,0.0001011111,-0.0007904101,5.3798000000,-0.0014625055
2026-01-19,0.0005513100,0.0012589009,-0.0000651102,0.0002990898,0.0003033640,-0.0023927211,5.3653000000,-0.0026952675
2026-01-20,0.0005513100,-0.0010367450,-0.0005923454,0.0086602143,0.0001011111,0.0026548146,5.3790000000,-0.0180924621
2026-01-21,0.0005513100,0.0024925849,0.0018901841,0.0333165340,0.0001011111,-0.0077450065,5.3368000000,0.0036695991
2026-01-22,0.0005513100,0.0019796504,0.0032970359,0.0219575900,0.0001011111,-0.0045838176,5.3118000000,0.0007941001
2026-01-23,0.0005513100,0.0013586198,0.0035437119,0.0186183843,0.0001011111,-0.0043987602,5.2879000000,-0.0040845495
2026-01-26,0.0005513100,0.0014660369,0.0018733217,-0.0007707767,0.0003033640,-0.0019477395,5.2760000000,0.0027442828
2026-01-27,0.0005513100,0.0034634566,0.0028729974,0.0178963621,0.0001011111,-0.0068745752,5.2392000000,-0.0029193173
2026-01-28,0.0005513100,0.0016497452,0.0018905173,0.0152371001,0.0001011111,-0.0104740915,5.1838000000,-0.0106461366
2026-01-29,0.0005513100,0.0019400632,0.0026202789,-0.0084319191,0.0001011111,0.0023776637,5.1956000000,0.0009949685
2026-01-30,0.0005513100,0.0004212309,-0.0000008554,-0.0096642481,0.0001011111,0.0067420166,5.2301000000,0.0023759096
2026-02-02,0.0005513100,-0.0011009537,-0.0013313237,0.0078819434,0.0003033640,0.0057733696,5.2587000000,0.0109354992
2026-02-03,0.0005513100,0.0018760192,0.0002952774,0.0157611270,0.0001011111,-0.0065742172,5.2236000000,-0.0150153281
2026-02-04,0.0005513100,-0.0008992072,-0.0010201843,-0.0213610458,0.0001011111,0.0024560471,5.2359000000,-0.0027238949
2026-02-05,0.0005513100,0.0007724343,0.0002312769,0.0023060045,0.0001011111,0.0043223977,5.2580000000,-0.0080736214
2026-02-06,0.0005513100,-0.0001362789,-0.0012099070,0.0045162380,0.0001011111,-0.0044448030,5.2341000000,0.0151014625
2026-02-09,0.0005513100,0.0018040931,0.0005907720,0.0179905655,0.0003033640,-0.0073029244,5.1943000000,-0.0028555060
2026-02-10,0.0005513100,-0.0002440504,0.0007799871,-0.0016742809,0.0001011111,0.0016029090,5.2021000000,-0.0017499806
2026-02-11,0.0005513100,0.0005752722,0.0013346012,0.0202753917,0.0001011111,-0.0034555046,5.1836000000,-0.0035768927
2026-02-12,0.0005513100,0.0010621914,0.0019885808,-0.0101882391,0.0001011111,-0.0030244460,5.1674000000,-0.0186548350
2026-02-13,0.0005513100,0.0010120540,0.0025822014,-0.0069347863,0.0001011111,0.0119844970,5.2288000000,0.0125361362
2026-02-18,0.0005513100,0.0015300015,0.0020129004,-0.0024025511,0.0005056578,0.0016728634,5.2349000000,0.0079484420
2026-02-19,0.0005513100,-0.0008682299,-0.0008395229,0.0135370388,0.0001011111,-0.0016565023,5.2257000000,-0.0044375298
2026-02-20,0.0005513100,0.0019285599,0.0028759316,0.0106081425,0.0001011111,-0.0047025588,5.2006000000,0.0021355408
2026-02-23,0.0005513100,0.0005438858,0.0006316932,-0.0088221855,0.0003033640,-0.0068325924,5.1635000000,-0.0174156079
2026-02-24,0.0005513100,0.0012048039,0.0028666231,0.0139627285,0.0001011111,0.0010114385,5.1682000000,0.0086300301
2026-02-25,0.0005513100,0.0007015463,0.0023320615,-0.0012686798,0.0001011111,-0.0045818437,5.1440000000,0.0034451856
2026-02-26,0.0005513100,0.0012298793,0.0050588460,-0.0012676770,0.0001011111,-0.0010265301,5.1382000000,-0.0064814681
2026-02-27,0.0005513100,-0.0011705958,-0.0013636142,-0.0116124697,0.0001011111,0.0023005472,5.1495000000,-0.0020553266
2026-03-02,0.0005513100,-0.0010123201,0.0011132190,0.0027546391,0.0003033640,0.0101325416,5.2001000000,0.0103125328
2026-03-03,0.0005513100,-0.0033708739,-0.0037960274,-0.0327623878,0.0001011111,0.0168140179,5.2870000000,0.0071490314
2026-03-04,0.0005513100,0.0025250769,-0.0003236010,0.0123512280,0.0001011111,-0.0146346325,5.2091000000,-0.0070776304
2026-03-05,0.0005513100,-0.0044434377,-0.0066208565,-0.0264481532,0.0001011111,0.0069359961,5.2447000000,0.0011852691
2026-03-06,0.0005513100,-0.0031073773,-0.0026715494,-0.0060899735,0.0001011111,0.0083197619,5.2878000000,-0.0050275455
2026-03-09,0.0005513100,-0.0000587749,0.0035373679,0.0086446160,0.0003033640,-0.0136764421,5.2139000000,-0.0056917322
2026-03-10,0.0005513100,0.0053974510,0.0038089947,0.0139935050,0.0001011111,-0.0098156935,5.1622000000,-0.0119214158
2026-03-11,0.0005513100,-0.0007463522,-0.0000329043,0.0028474164,0.0001011111,-0.0004026010,5.1596000000,-0.0013057870
2026-03-12,0.0005513100,-0.0047986963,-0.0044314123,-0.0254654376,0.0001011111,0.0089205158,5.2051000000,-0.0065015633
2026-03-13,0.0005513100,-0.0072769550,-0.0121315655,-0.0090982773,0.0001011111,0.0095159071,5.2541000000,0.0034312909
2026-03-16,0.0005513100,0.0074942634,0.0155748862,0.0125082387,0.0003033640,0.0023214481,5.2647000000,0.0122714136
2026-03-17,0.0005513100,-0.0007374398,0.0015060734,0.0029703332,0.0001011111,-0.0117716109,5.2022000000,-0.0093701684
2026-03-18,0.0005513100,-0.0004003058,0.0003343539,-0.0042670648,0.0001011111,0.0018313233,5.2112000000,-0.0118969131
2026-03-19,0.0005426600,0.0025014162,0.0010473958,0.0035109681,0.0001011111,0.0092170159,5.2587000000,0.0063999576
2026-03-20,0.0005426600,-0.0071429901,-0.0035171658,-0.0224729909,0.0001011111,0.0041519514,5.2800000000,-0.0111233967
2026-03-23,0.0005426600,0.0064191212,0.0023239375,0.0324171459,0.0003033640,-0.0065168862,5.2440000000,0.0046175537
2026-03-24,0.0005426600,-0.0027531187,-0.0020162465,0.0031726701,0.0001011111,0.0031334543,5.2599000000,-0.0007128008
2026-03-25,0.0005426600,0.0018961236,0.0012809624,0.0159725699,0.0001011111,-0.0060593246,5.2275000000,-0.0007352995
2026-03-26,0.0005426600,-0.0040481831,-0.0027751138,-0.0145159523,0.0001011111,0.0007324518,5.2308000000,-0.0167822169
2026-03-27,0.0005426600,0.0000788042,0.0019908620,-0.0064351383,0.0001011111,0.0014012349,5.2376000000,-0.0154147291
2026-03-30,0.0005426600,0.0014834460,0.0018149826,0.0052735023,0.0003033640,-0.0001359016,5.2353000000,-0.0043752371
2026-03-31,0.0005426600,0.0063893813,0.0059312656,0.0271082469,0.0001011111,-0.0029362712,5.2194000000,0.0260980997
2026-04-01,0.0005426600,0.0013224418,0.0024043339,0.0026195731,0.0001011111,-0.0111656907,5.1606000000,-0.0041404876
2026-04-02,0.0005426600,0.0002887427,0.0003457943,0.0005273129,0.0001011111,0.0010507091,5.1655000000,0.0021452621
2026-04-06,0.0005426600,0.0002694529,0.0013736739,0.0005846786,0.0004045058,-0.0019776403,5.1532000000,0.0021105206
2026-04-07,0.0005426600,-0.0015790522,-0.0000884738,0.0005151944,0.0001011111,0.0019059975,5.1625000000,0.0025742617
2026-04-08,0.0005426600,0.0088401532,0.0059625947,0.0209405759,0.0001011111,-0.0139632648,5.0899000000,0.0106658933
2026-04-09,0.0005426600,0.0011876282,0.0019065020,0.0152345074,0.0001011111,-0.0014314904,5.0821000000,0.0046916186
2026-04-10,0.0005426600,0.0006551404,0.0037843639,0.0112470068,0.0001011111,-0.0115487946,5.0229000000,-0.0126743939
2026-04-13,0.0005426600,0.0019022619,0.0026120618,0.0034300969,0.0003033640,0.0006020869,5.0244000000,0.0104749976
2026-04-14,0.0005426600,0.0016620437,0.0012447479,0.0033162507,0.0001011111,-0.0086172291,4.9806000000,0.0029889338
2026-04-15,0.0005426600,-0.0000843311,0.0008325575,-0.0046296807,0.0001011111,0.0025508629,4.9928000000,0.0105242732
2026-04-16,0.0005426600,-0.0014860651,0.0000547560,-0.0046476743,0.0001011111,0.0016835496,5.0007000000,0.0042046717
2026-04-17,0.0005426600,0.0038268954,0.0012535463,-0.0055130971,0.0001011111,-0.0061386463,4.9695000000,0.0057295448
2026-04-20,0.0005426600,0.0007152418,0.0017954218,0.0020361869,0.0003033640,0.0033025631,4.9844000000,0.0006423424
2026-04-22,0.0005426600,-0.0016497254,-0.0018279289,-0.0165352875,0.0002022324,-0.0036304982,4.9653000000,0.0002170995
2026-04-23,0.0005426600,-0.0044066716,-0.0038441508,-0.0078310858,0.0001011111,-0.0021950548,4.9539000000,-0.0064055964
2026-04-24,0.0005426600,0.0019077988,0.0014856319,-0.0033097251,0.0001011111,0.0110834685,5.0083000000,0.0190843677
2026-04-27,0.0005426600,-0.0010032123,-0.0007277858,-0.0061140784,0.0003033640,-0.0073462614,4.9700000000,-0.0064184772
2026-04-28,0.0005426600,0.0003646668,-0.0003197758,-0.0050643851,0.0001011111,0.0036829622,4.9878000000,-0.0013249961
2026-04-29,0.0005426600,-0.0044557493,-0.0038081949,-0.0205084130,0.0001011111,0.0022465624,4.9985000000,0.0017476780
2026-04-30,0.0005340000,0.0041620883,0.0036038226,0.0138956112,0.0001011111,-0.0018796833,4.9886000000,0.0082760389
2026-05-04,0.0005340000,-0.0035161472,-0.0022541210,-0.0091690243,0.0004045058,-0.0055915842,4.9587000000,-0.0070513978
2026-05-05,0.0005340000,0.0023505712,0.0016729242,0.0062160520,0.0001011111,-0.0068570611,4.9242000000,0.0011332182
2026-05-06,0.0005340000,0.0048910523,0.0029819851,0.0050175145,0.0001011111,0.0007510286,4.9274000000,0.0152485473
2026-05-07,0.0005340000,-0.0010029199,0.0001483023,-0.0238296100,0.0001011111,-0.0020097489,4.9170000000,-0.0058991486
2026-05-08,0.0005340000,0.0016602543,0.0020804307,0.0048577582,0.0001008333,-0.0033772477,4.8999000000,0.0050688355
2026-05-11,0.0005340000,-0.0026318517,-0.0013200455,-0.0119463388,0.0003025305,-0.0002282531,4.8973000000,0.0014330007
2026-05-12,0.0005340000,-0.0005266550,-0.0008711683,-0.0086116746,0.0001008333,0.0001825192,4.8977000000,-0.0014871016
2026-05-13,0.0005340000,-0.0051649184,-0.0050311157,-0.0179882338,0.0001008333,0.0029800260,4.9118000000,0.0087845130
2026-05-14,0.0005340000,0.0018403645,0.0027391071,0.0071574378,0.0001008333,0.0141704143,4.9809000000,0.0218546115
2026-05-15,0.0005340000,-0.0030507382,-0.0042757193,-0.0060663515,0.0001008333,0.0170673495,5.0654000000,0.0045820116
2026-05-18,0.0005340000,0.0019316928,0.0015217045,-0.0017373835,0.0003025305,-0.0107759573,5.0093000000,-0.0117428176
2026-05-19,0.0005340000,-0.0011345739,-0.0026982744,-0.0152391440,0.0001008333,0.0057908247,5.0378000000,-0.0009609962
2026-05-20,0.0005340000,0.0046213608,0.0017271633,0.0176548665,0.0001005556,-0.0014280431,5.0301000000,0.0092710474
2026-05-21,0.0005340000,0.0016827101,0.0013330291,0.0016584184,0.0001005556,-0.0043530840,5.0077000000,-0.0026235812
2026-05-22,0.0005340000,0.0010136915,0.0007742342,-0.0081072397,0.0001005556,0.0013587446,5.0140000000,0.0050483147
2026-05-25,0.0005340000,0.0039015339,0.0014464105,0.0091147696,0.0003016970,-0.0010549148,5.0072000000,-0.0013562026
2026-05-26,0.0005340000,-0.0015930551,0.0011247549,-0.0068986589,0.0001005556,0.0028768373,5.0211000000,0.0089644837
2026-05-27,0.0005340000,0.0002954982,0.0019080063,-0.0047831963,0.0001005556,0.0074303639,5.0579000000,0.0075053757
2026-05-28,0.0005340000,0.0008312301,0.0008496392,-0.0038747187,0.0001005556,-0.0011253729,5.0517000000,0.0045275531
2026-05-29,0.0005340000,0.0003989506,-0.0006926910,-0.0072883306,0.0001005556,0.0011300155,5.0569000000,0.0032633262
2026-06-01,0.0005340000,-0.0013759695,-0.0024492905,-0.0091492777,0.0003016970,-0.0049600296,5.0303000000,-0.0025728997
2026-06-02,0.0005340000,-0.0011993248,-0.0019993653,0.0116156185,0.0001005556,-0.0027425031,5.0160000000,-0.0015232986
2026-06-03,0.0005340000,-0.0061985580,-0.0065456717,-0.0221989804,0.0001005556,0.0051847988,5.0415000000,-0.0023097667
2026-06-05,0.0005340000,-0.0043647296,-0.0089213208,-0.0076997895,0.0002011212,0.0166479472,5.1244000000,-0.0061111405
2026-06-08,0.0005340000,-0.0020379105,-0.0032361198,-0.0020731382,0.0003016970,0.0091053826,5.1695000000,0.0118462672
2026-06-09,0.0005340000,-0.0002402879,0.0006331394,0.0067850755,0.0001005556,0.0000618632,5.1693000000,-0.0025800036
2026-06-10,0.0005340000,0.0003340353,0.0041988198,-0.0070306098,0.0001005556,0.0014548403,5.1763000000,-0.0148417294
2026-06-11,0.0005340000,0.0079009984,0.0140473324,0.0170679198,0.0001005556,-0.0054058614,5.1478000000,0.0119289220
2026-06-12,0.0005340000,0.0026814795,0.0033117706,-0.0021258651,0.0001005556,-0.0125468950,5.0827000000,-0.0076369656
2026-06-15,0.0005340000,0.0024199431,-0.0014397514,-0.0041928291,0.0003016970,-0.0075114687,5.0430000000,0.0088207357
2026-06-16,0.0005340000,-0.0002100353,-0.0030492936,-0.0044987790,0.0001008333,0.0070418465,5.0780000000,0.0012474378
2026-06-17,0.0005340000,-0.0028111067,-0.0047457841,-0.0070412660,0.0001008333,-0.0026367408,5.0641000000,-0.0148395051
2026-06-18,0.0005253100,-0.0041210370,-0.0012143387,-0.0010470519,0.0001008333,0.0192967025,5.1613000000,0.0302621338
2026-06-19,0.0005253100,-0.0016759433,-0.0040467590,0.0003331401,0.0001008333,-0.0032126195,5.1442000000,-0.0033131188
2026-06-22,0.0005253100,0.0040157594,0.0026825867,0.0120996039,0.0003025305,-0.0006113962,5.1395000000,-0.0045591161
2026-06-23,0.0005253100,0.0024977721,0.0004242143,0.0052150497,0.0001008333,0.0068726028,5.1743000000,-0.0076779361
2026-06-24,0.0005253100,0.0053953908,0.0014304971,-0.0043922397,0.0001008333,0.0069623566,5.2098000000,0.0058772967
2026-06-25,0.0005253100,0.0000756755,0.0020664713,0.0087007745,0.0001008333,-0.0038536519,5.1892000000,-0.0040073526
2026-06-26,0.0005253100,0.0015299269,-0.0020940519,0.0075872928,0.0001008333,-0.0036958957,5.1695000000,-0.0042407279
2026-06-29,0.0005253100,0.0014689835,-0.0001715644,-0.0005181334,0.0003025305,0.0007282323,5.1717000000,0.0121863120
2026-06-30,0.0005253100,0.0029496397,0.0008452145,-0.0068198240,0.0001008333,0.0010483930,5.1766000000,0.0089733826
2026-07-01,0.0005253100,-0.0029253832,-0.0032469660,-0.0019503660,0.0001008333,0.0036556483,5.1950000000,0.0014299741
2026-07-02,0.0005253100,-0.0027454272,-0.0010172944,0.0064011818,0.0001008333,0.0000045772,5.1945000000,-0.0000544308
2026-07-03,0.0005253100,0.0029380250,0.0055191112,0.0074232749,0.0001008333,-0.0042888671,5.1717000000,-0.0043892579
2026-07-06,0.0005253100,0.0023230657,0.0033729994,-0.0093220399,0.0003025305,-0.0006065365,5.1670000000,0.0064277504
2026-07-07,0.0005253100,-0.0011736991,0.0019508155,-0.0024755349,0.0001008333,-0.0040025415,5.1458000000,-0.0085325353
2026-07-08,0.0005253100,-0.0007305504,-0.0000475068,-0.0079480560,0.0001008333,0.0019277500,5.1552000000,-0.0009924602
2026-07-09,0.0005253100,0.0019706362,0.0019066670,0.0122392486,0.0001005556,-0.0042256088,5.1329000000,0.0038163459
2026-07-10,0.0005253100,0.0048314333,0.0021279334,0.0296641607,0.0001005556,-0.0045951181,5.1088000000,-0.0004065665
2026-07-13,0.0005253100,-0.0028138384,-0.0022132237,-0.0119600462,0.0003016970,0.0021617945,5.1183000000,-0.0060810761
2026-07-14,0.0005253100,0.0033004278,0.0030384956,0.0051327229,0.0001005556,-0.0085164529,5.0742000000,-0.0048900239
2026-07-15,0.0005253100,0.0003378186,0.0009800626,-0.0035676861,0.0001008333,-0.0001948096,5.0727000000,0.0035934138
2026-07-16,0.0005253100,-0.0011795436,0.0006549222,-0.0124175832,0.0001008333,0.0049902415,5.0975000000,-0.0002375154
2026-07-17,0.0005253100,-0.0038185990,-0.0025175927,-0.0006396653,0.0001008333,0.0040443403,5.1176000000,-0.0061852779
2026-07-20,0.0005253100,-0.0001967715,-0.0005086062,-0.0019729546,0.0003025305,-0.0052095321,5.0894000000,-0.0073965668
2026-07-21,0.0005253100,-0.0001188540,-0.0026429448,-0.0002635960,0.0001008333,-0.0021393422,5.0780000000,0.0066019198
2026-07-22,0.0005253100,-0.0013004528,-0.0030639736,0.0243583105,0.0001008333,-0.0026958252,5.0638000000,-0.0041435071
2026-07-23,0.0005253100,-0.0025320782,0.0001630785,-0.0046407281,0.0001008333,0.0034385844,5.0807000000,-0.0087720084
2026-07-24,0.0005253100,0.0045403055,0.0032707838,-0.0151743723,0.0001008333,-0.0026746546,5.0666000000,-0.0021899244
2026-07-27,0.0005253100,0.0017614397,0.0001659892,0.0074264279,0.0003025305,0.0069954322,5.1005000000,0.0068601966
2026-07-28,0.0005253100,0.0027336590,-0.0018673843,0.0070168180,0.0001008333,0.0034733918,5.1177000000,0.0054949831
2026-07-29,0.0005253100,0.0009655993,-0.0049279100,-0.0151752261,0.0001008333,0.0008825133,5.1217000000,-0.0143927374
2026-07-30,0.0005253100,0.0012548941,0.0047222881,0.0188257388,0.0001008333,-0.0092329464,5.0739000000,0.0071228093
2026-07-31,0.0005253100,0.0011449206,0.0039345712,0.0047422974,0.0001008333,0.0007709969,5.0773000000,0.0077414830
2026-08-03,0.0005253100,0.0041029911,0.0031604064,0.0000069663,0.0003025305,-0.0006825428,5.0723000000,0.0138519841
2026-08-04,0.0005253100,-0.0001729666,-0.0001248343,-0.0005914037,0.0001008333,0.0066074137,5.1053000000,0.0245246521
2026-08-05,0.0005253100,0.0016086574,0.0006868925,-0.0009488745,0.0001008333,0.0020793691,5.1154000000,0.0003020983
2026-08-06,0.0005166000,-0.0019771219,-0.0012450764,-0.0122649917,0.0001008333,-0.0025776242,5.1017000000,-0.0044313493
2026-08-07,0.0005166000,0.0016495258,0.0040332925,-0.0172771455,0.0001008333,-0.0020359248,5.0908000000,0.0040827646
2026-08-10,0.0005166000,-0.0009664892,-0.0014565009,-0.0019331250,0.0003025305,0.0013832376,5.0963000000,0.0005932475
2026-08-11,0.0005166000,-0.0010090267,0.0007658379,-0.0250045984,0.0001008333,0.0064197798,5.1285000000,0.0031132469
2026-08-12,0.0005166000,0.0001011415,0.0010416575,-0.0022848597,0.0001008333,0.0070041324,5.1639000000,0.0095791162
2026-08-13,0.0005166000,-0.0004918112,-0.0001707237,-0.0023291988,0.0001008333,0.0043616088,5.1859000000,0.0108228828
2026-08-14,0.0005166000,-0.0021203672,-0.0001865380,-0.0009978998,0.0001008333,0.0073712785,5.2236000000,0.0056856100
2026-08-17,0.0005166000,0.0011168260,0.0037379220,-0.0009023316,0.0003025305,-0.0039486978,5.2014000000,-0.0093294199
2026-08-18,0.0005166000,0.0003691321,-0.0000883341,-0.0026903729,0.0001008333,0.0006584318,5.2043000000,-0.0063096066
2026-08-19,0.0005166000,0.0028529006,0.0032541528,0.0089903584,0.0001008333,-0.0062214996,5.1714000000,-0.0041428560
2026-08-20,0.0005166000,-0.0005194185,0.0020391830,0.0005772499,0.0001008333,0.0029630162,5.1862000000,-0.0057149274
2026-08-21,0.0005166000,0.0039195498,0.0007862629,0.0184876597,0.0001008333,-0.0044694474,5.1625000000,-0.0001898122
2026-08-24,0.0005166000,0.0002259570,0.0000739916,0.0051159513,0.0003025305,-0.0018869937,5.1512000000,-0.0049679811
2026-08-25,0.0005166000,0.0019586320,0.0019121902,0.0155321444,0.0001008333,-0.0003262947,5.1490000000,0.0028206878
2026-08-26,0.0005166000,0.0004531481,-0.0002504277,0.0000541882,0.0001008333,0.0023150787,5.1604000000,0.0020123974
2026-08-27,0.0005166000,0.0006042902,0.0018636413,0.0031454365,0.0001008333,0.0008372846,5.1642000000,0.0079466296
2026-08-28,0.0005166000,-0.0014501904,-0.0020232687,0.0030217190,0.0001008333,0.0071307044,5.2005000000,0.0045562193
2026-08-31,0.0005166000,0.0001209799,-0.0021174974,0.0099858469,0.0003025305,-0.0033328349,5.1816000000,-0.0068956045
2026-09-01,0.0005166000,0.0022020998,0.0012848063,0.0129845330,0.0001008333,-0.0046472137,5.1570000000,-0.0117374782
2026-09-02,0.0005166000,0.0035520234,0.0032959045,0.0305059779,0.0001008333,-0.0056589097,5.1273000000,-0.0011691061
2026-09-03,0.0005166000,0.0022453121,0.0038045877,-0.0000915742,0.0001008333,-0.0059653489,5.0962000000,0.0045212741
2026-09-04,0.0005166000,0.0013390019,0.0005989552,-0.0002212885,0.0001008333,0.0058115461,5.1253000000,0.0020854835
2026-09-08,0.0005166000,0.0041483206,0.0043538547,0.0119887884,0.0004033943,-0.0073456184,5.0856000000,-0.0135118392
2026-09-09,0.0005166000,-0.0030786348,-0.0020341299,-0.0092748535,0.0001008333,0.0025196709,5.0979000000,-0.0023982885
2026-09-10,0.0005166000,0.0013726227,0.0043368447,0.0142194885,0.0001008333,0.0034358760,5.1149000000,-0.0024231959
2026-09-11,0.0005166000,0.0002241009,0.0024695691,-0.0056392837,0.0001008333,-0.0044158394,5.0918000000,0.0040914002
2026-09-14,0.0005166000,-0.0006175251,-0.0016811176,-0.0091129659,0.0003025305,0.0155866220,5.1696000000,0.0104124969
2026-09-15,0.0005166000,-0.0010547954,-0.0022137519,0.0054002978,0.0001008333,-0.0038844029,5.1490000000,-0.0082949981
2026-09-16,0.0005166000,0.0018227986,0.0022013928,-0.0051204637,0.0001008333,0.0008194919,5.1527000000,-0.0037195986
2026-09-17,0.0005078800,0.0015369945,0.0031105515,0.0023949103,0.0001008333,-0.0000156222,5.1521000000,0.0112934391
2026-09-18,0.0005078800,0.0009154843,-0.0004375212,-0.0041015736,0.0001077778,0.0011560070,5.1575000000,0.0027239641
2026-09-21,0.0005078800,0.0028719820,0.0012759831,0.0073769698,0.0003233682,-0.0085597749,5.1117000000,0.0059971900
2026-09-22,0.0005078800,0.0014936472,0.0010928834,0.0044337594,0.0001077778,0.0009686409,5.1161000000,0.0008573215
2026-09-23,0.0005078800,-0.0015530882,0.0001739577,-0.0085839555,0.0001077778,0.0050534838,5.1414000000,-0.0026324037
2026-09-24,0.0005078800,-0.0005317560,0.0002914442,-0.0099463932,0.0001077778,0.0075190094,5.1795000000,0.0071743281
2026-09-25,0.0005078800,0.0019134856,0.0019378103,-0.0026583730,0.0001077778,0.0038923347,5.1991000000,0.0089162336
